"Task","RequiredName","ExactExecutionCount","ExactPassedCount","Evidence","Note"
"02-程序集边界与纯数据.md","LogicAssemblyHasNoUnityEngineReference","1","1","优化任务/执行记录/11-completion-final-editmode-results.xml","Exact name execution only; not full-task acceptance"
"02-程序集边界与纯数据.md","LegacyAdapterConvertsAttackWindupAndRecoverySecondsExactlyOnce","1","1","优化任务/执行记录/11-completion-final-editmode-results.xml","Exact name execution only; not full-task acceptance"
"02-程序集边界与纯数据.md","LegacyAttackWithoutRecoveryUsesThirtyTickDefault","1","1","优化任务/执行记录/11-completion-final-editmode-results.xml","Exact name execution only; not full-task acceptance"
"02-程序集边界与纯数据.md","AttackTimingRejectsNonPositiveWindupOrRecovery","1","1","优化任务/执行记录/11-completion-final-editmode-results.xml","Exact name execution only; not full-task acceptance"
"02-程序集边界与纯数据.md","AttackTimingRejectsNonPositiveOrNonFiniteActionSpeed","1","1","优化任务/执行记录/11-completion-final-editmode-results.xml","Exact name execution only; not full-task acceptance"
"02-程序集边界与纯数据.md","AttackTimingRulesParticipateInBattleDefinitionHash","1","1","优化任务/执行记录/11-completion-final-editmode-results.xml","Exact name execution only; not full-task acceptance"
"02-程序集边界与纯数据.md","GuardTimingRequiresPositiveWindupActiveAndRecovery","1","1","优化任务/执行记录/11-completion-final-editmode-results.xml","Exact name execution only; not full-task acceptance"
"02-程序集边界与纯数据.md","MoveTimingAndReferenceSpeedParticipateInDefinitionHash","1","1","优化任务/执行记录/11-completion-final-editmode-results.xml","Exact name execution only; not full-task acceptance"
"02-程序集边界与纯数据.md","MoveReferenceSpeedIsFrozenAtTwenty","1","1","优化任务/执行记录/11-completion-final-editmode-results.xml","Exact name execution only; not full-task acceptance"
"02-程序集边界与纯数据.md","PathCostRulesFreezeEvenOddDirectionWeightsAtOneAndTwo","1","1","优化任务/执行记录/11-completion-final-editmode-results.xml","Exact name execution only; not full-task acceptance"
"02-程序集边界与纯数据.md","PathCostAndSearchRulesParticipateInDefinitionHash","1","1","优化任务/执行记录/11-completion-final-editmode-results.xml","Exact name execution only; not full-task acceptance"
"02-程序集边界与纯数据.md","PathSearchRulesRejectNonPositiveLimits","1","1","优化任务/执行记录/11-completion-final-editmode-results.xml","Exact name execution only; not full-task acceptance"
"02-程序集边界与纯数据.md","GridPointRejectsOddCoordinateParity","1","1","优化任务/执行记录/11-completion-final-editmode-results.xml","Exact name execution only; not full-task acceptance"
"02-程序集边界与纯数据.md","MoveSpeedIsNotAPathCostInput","1","1","优化任务/执行记录/11-completion-final-editmode-results.xml","Exact name execution only; not full-task acceptance"
"02-程序集边界与纯数据.md","MoveMaxPathWeightCannotExceedSearchRuleLimit","1","1","优化任务/执行记录/11-completion-final-editmode-results.xml","Exact name execution only; not full-task acceptance"
"02-程序集边界与纯数据.md","ForcedDisplacementProtocolAndStopReasonEncodingParticipateInDefinitionHash","1","1","优化任务/执行记录/11-completion-final-editmode-results.xml","Exact name execution only; not full-task acceptance"
"02-程序集边界与纯数据.md","ForcedDisplacementStopReasonEncodingIsStableAndUnique","1","1","优化任务/执行记录/11-completion-final-editmode-results.xml","Exact name execution only; not full-task acceptance"
"02-程序集边界与纯数据.md","LegacyPerEdgeDurationClampIsNotANewTimingRule","1","1","优化任务/执行记录/11-completion-final-editmode-results.xml","Exact name execution only; not full-task acceptance"
"02-程序集边界与纯数据.md","GuardEligibleResistanceMustBePartial","1","1","优化任务/执行记录/11-completion-final-editmode-results.xml","Exact name execution only; not full-task acceptance"
"02-程序集边界与纯数据.md","BlockEligibleResistanceIsFixedFull","1","1","优化任务/执行记录/11-completion-final-editmode-results.xml","Exact name execution only; not full-task acceptance"
"02-程序集边界与纯数据.md","OrdinaryActionsCannotDeclareAdrenalineCost","1","1","优化任务/执行记录/11-completion-final-editmode-results.xml","Exact name execution only; not full-task acceptance"
"02-程序集边界与纯数据.md","ReactionTimingAndMinimumLeadParticipateInDefinitionHash","1","1","优化任务/执行记录/11-completion-final-editmode-results.xml","Exact name execution only; not full-task acceptance"
"02-程序集边界与纯数据.md","AdrenalineRulesRejectBlockOrDodgeRewardAtOrAboveCost","1","1","优化任务/执行记录/11-completion-final-editmode-results.xml","Exact name execution only; not full-task acceptance"
"02-程序集边界与纯数据.md","AdrenalineRulesRejectCostAboveCycleMaximum","1","1","优化任务/执行记录/11-completion-final-editmode-results.xml","Exact name execution only; not full-task acceptance"
"02-程序集边界与纯数据.md","AuthoringRejectsInvalidMomentumOrDamageInputs","1","1","优化任务/执行记录/11-completion-final-editmode-results.xml","Exact name execution only; not full-task acceptance"
"02-程序集边界与纯数据.md","LegacyStatsAdapterMapsArmorToExplicitPhysicalChannels","1","1","优化任务/执行记录/11-completion-final-editmode-results.xml","Exact name execution only; not full-task acceptance"
"02-程序集边界与纯数据.md","DamageChannelAndImpactProfileIdsCannotBeInterchanged","1","1","优化任务/执行记录/11-completion-final-editmode-results.xml","Exact name execution only; not full-task acceptance"
"02-程序集边界与纯数据.md","ActionPayloadKeepsDamageComponentsSeparateFromMomentumProfile","1","1","优化任务/执行记录/11-completion-final-editmode-results.xml","Exact name execution only; not full-task acceptance"
"02-程序集边界与纯数据.md","TrueDamageBypassesPassiveAndActionResistance","1","1","优化任务/执行记录/11-completion-final-editmode-results.xml","Exact name execution only; not full-task acceptance"
"02-程序集边界与纯数据.md","ContradictoryDamageEligibilityAndBypassTagsAreRejected","1","1","优化任务/执行记录/11-completion-final-editmode-results.xml","Exact name execution only; not full-task acceptance"
"02-程序集边界与纯数据.md","ResistanceRejectsValuesOutsideQ10Range","1","1","优化任务/执行记录/11-completion-final-editmode-results.xml","Exact name execution only; not full-task acceptance"
"02-程序集边界与纯数据.md","LogicDefinitionContainsNoUnityObjectReference","1","1","优化任务/执行记录/11-completion-final-editmode-results.xml","Exact name execution only; not full-task acceptance"
"02-程序集边界与纯数据.md","TrianglePointRejectsInvalidOrientationOrParity","1","1","优化任务/执行记录/11-completion-final-editmode-results.xml","Exact name execution only; not full-task acceptance"
"02-程序集边界与纯数据.md","IntegerSixtyDegreeExpansionPreservesTriangleLattice","1","1","优化任务/执行记录/11-completion-final-editmode-results.xml","Exact name execution only; not full-task acceptance"
"02-程序集边界与纯数据.md","SixIntegerRotationsReturnOriginalTriangle","1","1","优化任务/执行记录/11-completion-final-editmode-results.xml","Exact name execution only; not full-task acceptance"
"02-程序集边界与纯数据.md","DirectionalTriangleTableRequiresCanonicalTwelveDirections","1","1","优化任务/执行记录/11-completion-final-editmode-results.xml","Exact name execution only; not full-task acceptance"
"02-程序集边界与纯数据.md","LegacyPatternAndVolumeSliceExpandEvenAndOddBasesWithoutFloat","1","1","优化任务/执行记录/11-completion-final-editmode-results.xml","Exact name execution only; not full-task acceptance"
"02-程序集边界与纯数据.md","LogicDirectionalGeometryHasNoRuntimeRotationDependency","1","1","优化任务/执行记录/11-completion-final-editmode-results.xml","Exact name execution only; not full-task acceptance"
"02-程序集边界与纯数据.md","DefinitionIdRejectsEmptyOrInvalidFormat","1","1","优化任务/执行记录/11-completion-final-editmode-results.xml","Exact name execution only; not full-task acceptance"
"02-程序集边界与纯数据.md","DefinitionIdRejectsDuplicateWithinNamespace","1","1","优化任务/执行记录/11-completion-final-editmode-results.xml","Exact name execution only; not full-task acceptance"
"02-程序集边界与纯数据.md","DistinctIdTypesCannotBeInterchanged","1","1","优化任务/执行记录/11-completion-final-editmode-results.xml","Exact name execution only; not full-task acceptance"
"02-程序集边界与纯数据.md","EncounterSlotOrderingUsesStringComparerOrdinal","1","1","优化任务/执行记录/11-completion-final-editmode-results.xml","Exact name execution only; not full-task acceptance"
"02-程序集边界与纯数据.md","EncounterRejectsDuplicateSlotId","1","1","优化任务/执行记录/11-completion-final-editmode-results.xml","Exact name execution only; not full-task acceptance"
"02-程序集边界与纯数据.md","TargetRelationMaskUsesStableExplicitBitValues","1","1","优化任务/执行记录/11-completion-final-editmode-results.xml","Exact name execution only; not full-task acceptance"
"02-程序集边界与纯数据.md","FactionDispositionAndUnitRelationUseStableExplicitValues","1","1","优化任务/执行记录/11-completion-final-editmode-results.xml","Exact name execution only; not full-task acceptance"
"02-程序集边界与纯数据.md","EncounterSlotRequiresFactionId","1","1","优化任务/执行记录/11-completion-final-editmode-results.xml","Exact name execution only; not full-task acceptance"
"02-程序集边界与纯数据.md","CustomAssemblyDoesNotReferenceAssemblyCSharp","1","1","优化任务/执行记录/11-completion-final-editmode-results.xml","Exact name execution only; not full-task acceptance"
"02B-完整配置与战斗初始化.md","AuthoringAssemblyDoesNotReferenceAssemblyCSharp","1","1","优化任务/执行记录/11-completion-final-editmode-results.xml","Exact name execution only; not full-task acceptance"
"02B-完整配置与战斗初始化.md","EveryReferencedLegacyDefinitionHasExplicitStableId","1","1","优化任务/执行记录/11-completion-final-editmode-results.xml","Exact name execution only; not full-task acceptance"
"02B-完整配置与战斗初始化.md","LegacyLocalIdIsNotImplicitlyTreatedAsGlobalId","1","1","优化任务/执行记录/11-completion-final-editmode-results.xml","Exact name execution only; not full-task acceptance"
"02B-完整配置与战斗初始化.md","AmbiguousLegacyLocalIdRequiresExplicitMapping","1","1","优化任务/执行记录/11-completion-final-editmode-results.xml","Exact name execution only; not full-task acceptance"
"02B-完整配置与战斗初始化.md","SameFinalIdWithDifferentContentIsRejected","1","1","优化任务/执行记录/11-completion-final-editmode-results.xml","Exact name execution only; not full-task acceptance"
"02B-完整配置与战斗初始化.md","AllReferencedActionLibrariesConvert","1","1","优化任务/执行记录/11-completion-final-editmode-results.xml","Exact name execution only; not full-task acceptance"
"02B-完整配置与战斗初始化.md","AllReferencedPatternsAndVolumesConvert","1","1","优化任务/执行记录/11-completion-final-editmode-results.xml","Exact name execution only; not full-task acceptance"
"02B-完整配置与战斗初始化.md","LegacyEvenAndOddBasesExpandToCanonicalTwelveDirections","1","1","优化任务/执行记录/11-completion-final-editmode-results.xml","Exact name execution only; not full-task acceptance"
"02B-完整配置与战斗初始化.md","MissingEvenOrOddDirectionalBaseStopsDefinitionBuild","1","1","优化任务/执行记录/11-completion-final-editmode-results.xml","Exact name execution only; not full-task acceptance"
"02B-完整配置与战斗初始化.md","InvalidTriangleOrientationOrParityStopsDefinitionBuild","1","1","优化任务/执行记录/11-completion-final-editmode-results.xml","Exact name execution only; not full-task acceptance"
"02B-完整配置与战斗初始化.md","DirectionalExpansionOverflowStopsDefinitionBuild","1","1","优化任务/执行记录/11-completion-final-editmode-results.xml","Exact name execution only; not full-task acceptance"
"02B-完整配置与战斗初始化.md","DirectionalExpansionDeduplicatesAndSortsCanonicalPoints","1","1","优化任务/执行记录/11-completion-final-editmode-results.xml","Exact name execution only; not full-task acceptance"
"02B-完整配置与战斗初始化.md","CurrentPatternAndVolumeAssetsMatchLegacyOutputInAllDirections","1","1","优化任务/执行记录/11-completion-final-editmode-results.xml","Exact name execution only; not full-task acceptance"
"02B-完整配置与战斗初始化.md","ExplicitLegacyDirectionMustMatchCanonicalExpansion","1","1","优化任务/执行记录/11-completion-final-editmode-results.xml","Exact name execution only; not full-task acceptance"
"02B-完整配置与战斗初始化.md","DirectionalExpansionIgnoresAssetAndPointEnumerationOrder","1","1","优化任务/执行记录/11-completion-final-editmode-results.xml","Exact name execution only; not full-task acceptance"
"02B-完整配置与战斗初始化.md","ExpandedPatternAndVolumeTablesAffectDefinitionHash","1","1","优化任务/执行记录/11-completion-final-editmode-results.xml","Exact name execution only; not full-task acceptance"
"02B-完整配置与战斗初始化.md","EquivalentCanonicalTablesKeepHashAcrossBuilderImplementationChanges","1","1","优化任务/执行记录/11-completion-final-editmode-results.xml","Exact name execution only; not full-task acceptance"
"02B-完整配置与战斗初始化.md","BuilderOutputContainsNoRuntimeRotationRecipe","1","1","优化任务/执行记录/11-completion-final-editmode-results.xml","Exact name execution only; not full-task acceptance"
"02B-完整配置与战斗初始化.md","BuilderRejectsDanglingDefinitionReference","1","1","优化任务/执行记录/11-completion-final-editmode-results.xml","Exact name execution only; not full-task acceptance"
"02B-完整配置与战斗初始化.md","BuilderRejectsInvalidOrDuplicateDefinitionId","1","1","优化任务/执行记录/11-completion-final-editmode-results.xml","Exact name execution only; not full-task acceptance"
"02B-完整配置与战斗初始化.md","DefinitionAndHashIgnoreAssetDiscoveryOrder","1","1","优化任务/执行记录/11-completion-final-editmode-results.xml","Exact name execution only; not full-task acceptance"
"02B-完整配置与战斗初始化.md","DefinitionHashChangesWhenGameplayDefinitionChanges","1","1","优化任务/执行记录/11-completion-final-editmode-results.xml","Exact name execution only; not full-task acceptance"
"02B-完整配置与战斗初始化.md","EncounterInitializationUsesOrdinalSlotOrder","1","1","优化任务/执行记录/11-completion-final-editmode-results.xml","Exact name execution only; not full-task acceptance"
"02B-完整配置与战斗初始化.md","EncounterInitializationIgnoresSceneRegistrationOrder","1","1","优化任务/执行记录/11-completion-final-editmode-results.xml","Exact name execution only; not full-task acceptance"
"02B-完整配置与战斗初始化.md","ControllerBindingsMapSlotsToDeterministicUnitIds","1","1","优化任务/执行记录/11-completion-final-editmode-results.xml","Exact name execution only; not full-task acceptance"
"02B-完整配置与战斗初始化.md","EncounterSlotsMapFactionIdsToRuntimeUnits","1","1","优化任务/执行记录/11-completion-final-editmode-results.xml","Exact name execution only; not full-task acceptance"
"02B-完整配置与战斗初始化.md","FactionMappingDoesNotDependOnControllerKind","1","1","优化任务/执行记录/11-completion-final-editmode-results.xml","Exact name execution only; not full-task acceptance"
"02B-完整配置与战斗初始化.md","BuilderRejectsMissingOrUnknownSlotFaction","1","1","优化任务/执行记录/11-completion-final-editmode-results.xml","Exact name execution only; not full-task acceptance"
"02B-完整配置与战斗初始化.md","FactionMatrixCanonicalizesEveryUnorderedPair","1","1","优化任务/执行记录/11-completion-final-editmode-results.xml","Exact name execution only; not full-task acceptance"
"02B-完整配置与战斗初始化.md","FactionMatrixHashIgnoresInputEnumerationOrder","1","1","优化任务/执行记录/11-completion-final-editmode-results.xml","Exact name execution only; not full-task acceptance"
"02B-完整配置与战斗初始化.md","BuilderRejectsMissingDuplicateReverseDuplicateOrDanglingFactionRelation","1","1","优化任务/执行记录/11-completion-final-editmode-results.xml","Exact name execution only; not full-task acceptance"
"02B-完整配置与战斗初始化.md","SameUnitIsSelfAndSameFactionOtherUnitIsAllied","1","1","优化任务/执行记录/11-completion-final-editmode-results.xml","Exact name execution only; not full-task acceptance"
"02B-完整配置与战斗初始化.md","FactionResolverReturnsConfiguredAlliedNeutralAndHostile","1","1","优化任务/执行记录/11-completion-final-editmode-results.xml","Exact name execution only; not full-task acceptance"
"02B-完整配置与战斗初始化.md","BuilderRejectsEmptyOrUnknownTargetRelationMaskBits","1","1","优化任务/执行记录/11-completion-final-editmode-results.xml","Exact name execution only; not full-task acceptance"
"02B-完整配置与战斗初始化.md","AttackTargetRelationMasksAffectDefinitionHash","1","1","优化任务/执行记录/11-completion-final-editmode-results.xml","Exact name execution only; not full-task acceptance"
"02B-完整配置与战斗初始化.md","DynamicSpawnFactionComesOnlyFromFixedOrExplicitInheritancePolicy","1","1","优化任务/执行记录/11-completion-final-editmode-results.xml","Exact name execution only; not full-task acceptance"
"02B-完整配置与战斗初始化.md","BuilderRejectsEmptyOverlappingOrDanglingVictoryFactions","1","1","优化任务/执行记录/11-completion-final-editmode-results.xml","Exact name execution only; not full-task acceptance"
"02B-完整配置与战斗初始化.md","BuilderRejectsVictoryGroupsContradictingFactionMatrix","1","1","优化任务/执行记录/11-completion-final-editmode-results.xml","Exact name execution only; not full-task acceptance"
"02B-完整配置与战斗初始化.md","VictoryDefinitionAndAutomaticDeferralLimitAffectDefinitionHash","1","1","优化任务/执行记录/11-completion-final-editmode-results.xml","Exact name execution only; not full-task acceptance"
"02B-完整配置与战斗初始化.md","PathCostRulesPreserveLegacyOneTwoWeights","1","1","优化任务/执行记录/11-completion-final-editmode-results.xml","Exact name execution only; not full-task acceptance"
"02B-完整配置与战斗初始化.md","PathSearchRulesUseFrozen4096Node256Weight192EdgeLimits","1","1","优化任务/执行记录/11-completion-final-editmode-results.xml","Exact name execution only; not full-task acceptance"
"02B-完整配置与战斗初始化.md","PathSearchLimitsAllowEqualityAndRejectOnlyGreaterValues","1","1","优化任务/执行记录/11-completion-final-editmode-results.xml","Exact name execution only; not full-task acceptance"
"02B-完整配置与战斗初始化.md","PathRulesAndEncounterGridBoundaryAffectDefinitionHash","1","1","优化任务/执行记录/11-completion-final-editmode-results.xml","Exact name execution only; not full-task acceptance"
"02B-完整配置与战斗初始化.md","ForcedDisplacementProtocolVersionAndStopReasonsAffectDefinitionHash","1","1","优化任务/执行记录/11-completion-final-editmode-results.xml","Exact name execution only; not full-task acceptance"
"02B-完整配置与战斗初始化.md","BuilderRejectsUnsupportedForcedDisplacementProtocolVersion","1","1","优化任务/执行记录/11-completion-final-editmode-results.xml","Exact name execution only; not full-task acceptance"
"02B-完整配置与战斗初始化.md","BuilderRejectsMoveSpeedAsPathCostCoefficient","1","1","优化任务/执行记录/11-completion-final-editmode-results.xml","Exact name execution only; not full-task acceptance"
"02B-完整配置与战斗初始化.md","DuplicateOrDanglingControllerBindingIsRejected","1","1","优化任务/执行记录/11-completion-final-editmode-results.xml","Exact name execution only; not full-task acceptance"
"02B-完整配置与战斗初始化.md","ExternalSystemControllerBindingIsRejected","1","1","优化任务/执行记录/11-completion-final-editmode-results.xml","Exact name execution only; not full-task acceptance"
"02B-完整配置与战斗初始化.md","RenamingDisplayNameDoesNotChangeLogicIdOrHash","1","1","优化任务/执行记录/11-completion-final-editmode-results.xml","Exact name execution only; not full-task acceptance"
"02B-完整配置与战斗初始化.md","RuntimeInputsProvideMetaResourceWithoutExternalSingleton","1","1","优化任务/执行记录/11-completion-final-editmode-results.xml","Exact name execution only; not full-task acceptance"
"02B-完整配置与战斗初始化.md","ConcurrentActionCostIsDefinedAndAffectsDefinitionHash","1","1","优化任务/执行记录/11-completion-final-editmode-results.xml","Exact name execution only; not full-task acceptance"
"02B-完整配置与战斗初始化.md","DamageChannelsImpactProfilesAndResistanceMapsAffectDefinitionHash","1","1","优化任务/执行记录/11-completion-final-editmode-results.xml","Exact name execution only; not full-task acceptance"
"02B-完整配置与战斗初始化.md","LegacyImpactTypeMigratesToExplicitDamageAndMomentumFields","1","1","优化任务/执行记录/11-completion-final-editmode-results.xml","Exact name execution only; not full-task acceptance"
"02B-完整配置与战斗初始化.md","AmbiguousLegacyDamageTypeStopsDefinitionBuild","1","1","优化任务/执行记录/11-completion-final-editmode-results.xml","Exact name execution only; not full-task acceptance"
"02B-完整配置与战斗初始化.md","ReactableAttackRequiresMinimumReactionLead","1","1","优化任务/执行记录/11-completion-final-editmode-results.xml","Exact name execution only; not full-task acceptance"
"02B-完整配置与战斗初始化.md","UnreactableAttackDoesNotRequireReactionLead","1","1","优化任务/执行记录/11-completion-final-editmode-results.xml","Exact name execution only; not full-task acceptance"
"02B-完整配置与战斗初始化.md","ReactionCostsTimingsTagsAndAdrenalineRulesAffectDefinitionHash","1","1","优化任务/执行记录/11-completion-final-editmode-results.xml","Exact name execution only; not full-task acceptance"
"02B-完整配置与战斗初始化.md","BlockAndDodgeRewardsMustBeLowerThanEveryCorrespondingCost","1","1","优化任务/执行记录/11-completion-final-editmode-results.xml","Exact name execution only; not full-task acceptance"
"02B-完整配置与战斗初始化.md","ReactionCostCannotExceedCycleMaximum","1","1","优化任务/执行记录/11-completion-final-editmode-results.xml","Exact name execution only; not full-task acceptance"
"02B-完整配置与战斗初始化.md","ActionSetReactionAvailabilityDoesNotDependOnControllerKind","1","1","优化任务/执行记录/11-completion-final-editmode-results.xml","Exact name execution only; not full-task acceptance"
"02B-完整配置与战斗初始化.md","MainEncounterBuildsWithoutFallbackOrSkippedAsset","1","1","优化任务/执行记录/11-completion-final-editmode-results.xml","Exact name execution only; not full-task acceptance"
"03-确定性内核.md","StepRejectsNonCurrentTickRequest","1","1","优化任务/执行记录/11-completion-final-editmode-results.xml","Exact name execution only; not full-task acceptance"
"03-确定性内核.md","EmptyTickReturnsEmptyEventBatchAndSnapshot","1","1","优化任务/执行记录/11-completion-final-editmode-results.xml","Exact name execution only; not full-task acceptance"
"03-确定性内核.md","EventSequenceDoesNotResetBetweenTicks","1","1","优化任务/执行记录/11-completion-final-editmode-results.xml","Exact name execution only; not full-task acceptance"
"03-确定性内核.md","CommandOrderUsesStableKeys","1","1","优化任务/执行记录/11-completion-final-editmode-results.xml","Exact name execution only; not full-task acceptance"
"03-确定性内核.md","RawRequestPermutationProducesSameCanonicalCommandOrder","1","1","优化任务/执行记录/11-completion-final-editmode-results.xml","Exact name execution only; not full-task acceptance"
"03-确定性内核.md","DuplicateProducerOrdinalRejectsEntireCollisionGroup","1","1","优化任务/执行记录/11-completion-final-editmode-results.xml","Exact name execution only; not full-task acceptance"
"03-确定性内核.md","ProducerOrdinalRegressionIsRejected","1","1","优化任务/执行记录/11-completion-final-editmode-results.xml","Exact name execution only; not full-task acceptance"
"03-确定性内核.md","CommandSequenceIsUniqueAndMonotonic","1","1","优化任务/执行记录/11-completion-final-editmode-results.xml","Exact name execution only; not full-task acceptance"
"03-确定性内核.md","ProducerCannotProvideSourcePriorityOrCommandSequence","1","1","优化任务/执行记录/11-completion-final-editmode-results.xml","Exact name execution only; not full-task acceptance"
"03-确定性内核.md","CommandRequestUsesDiscriminatedScheduleWindowOrReactionScope","1","1","优化任务/执行记录/11-completion-final-editmode-results.xml","Exact name execution only; not full-task acceptance"
"03-确定性内核.md","ProducerCannotProvideReactionTriggerTickOrRuleCost","1","1","优化任务/执行记录/11-completion-final-editmode-results.xml","Exact name execution only; not full-task acceptance"
"03-确定性内核.md","ScopePayloadMismatchIsRejectedDeterministically","1","1","优化任务/执行记录/11-completion-final-editmode-results.xml","Exact name execution only; not full-task acceptance"
"03-确定性内核.md","ExternalIngressCannotRegisterSystemSource","1","1","优化任务/执行记录/11-completion-final-editmode-results.xml","Exact name execution only; not full-task acceptance"
"03-确定性内核.md","CommandIngressStateAppearsInCanonicalSnapshot","1","1","优化任务/执行记录/11-completion-final-editmode-results.xml","Exact name execution only; not full-task acceptance"
"03-确定性内核.md","RngStateAppearsInCanonicalSnapshot","1","1","优化任务/执行记录/11-completion-final-editmode-results.xml","Exact name execution only; not full-task acceptance"
"03-确定性内核.md","CanonicalSnapshotIgnoresInsertionOrder","1","1","优化任务/执行记录/11-completion-final-editmode-results.xml","Exact name execution only; not full-task acceptance"
"03-确定性内核.md","IncrementalHistoryDigestMatchesIndependentFullRecomputation","1","1","优化任务/执行记录/11-completion-final-editmode-results.xml","Exact name execution only; not full-task acceptance"
"03-确定性内核.md","HistoryArchiveOrderIgnoresCandidateEnumerationOrder","1","1","优化任务/执行记录/11-completion-final-editmode-results.xml","Exact name execution only; not full-task acceptance"
"03-确定性内核.md","HistoryArchivesOnlyAfterCleanupAndInvariantChecks","1","1","优化任务/执行记录/11-completion-final-editmode-results.xml","Exact name execution only; not full-task acceptance"
"03-确定性内核.md","ArchivedRecordsHaveNoMutableAliasesAndRejectDuplicateAppend","1","1","优化任务/执行记录/11-completion-final-editmode-results.xml","Exact name execution only; not full-task acceptance"
"03-确定性内核.md","MutableWindowLedgerCannotBeArchivedWhileReservationsRemain","1","1","优化任务/执行记录/11-completion-final-editmode-results.xml","Exact name execution only; not full-task acceptance"
"03-确定性内核.md","EmptyArchiveBatchDoesNotReadCopyOrHashOldHistory","1","1","优化任务/执行记录/11-completion-final-editmode-results.xml","Exact name execution only; not full-task acceptance"
"03-确定性内核.md","NewArchiveBatchProcessesOnlyNewRecords","1","1","优化任务/执行记录/11-completion-final-editmode-results.xml","Exact name execution only; not full-task acceptance"
"03-确定性内核.md","OldSnapshotHistoryPrefixRemainsUnchangedAfterAppend","1","1","优化任务/执行记录/11-completion-final-editmode-results.xml","Exact name execution only; not full-task acceptance"
"03-确定性内核.md","DiagnosticRecomputationDetectsAlteredOrMissingHistoryRecords","1","1","优化任务/执行记录/11-completion-final-editmode-results.xml","Exact name execution only; not full-task acceptance"
"03-确定性内核.md","BattleEndArchivesFinalRecordsAndAlreadyEndedDoesNotAppend","1","1","优化任务/执行记录/11-completion-final-editmode-results.xml","Exact name execution only; not full-task acceptance"
"03-确定性内核.md","HistoryEncodingChangeRequiresReplayFormatVersionChange","1","1","优化任务/执行记录/11-completion-final-editmode-results.xml","Exact name execution only; not full-task acceptance"
"03-确定性内核.md","SameSeedAndCommandsProduceSameHashOneHundredTimes","1","1","优化任务/执行记录/11-completion-final-editmode-results.xml","Exact name execution only; not full-task acceptance"
"03-确定性内核.md","TimeScaleOrFrameTimingIsNotPartOfLogicInput","1","1","优化任务/执行记录/11-completion-final-editmode-results.xml","Exact name execution only; not full-task acceptance"
"03-确定性内核.md","ScheduledWindowOpenRunsAfterPreCommandDeathAndVictory","1","1","优化任务/执行记录/11-completion-final-editmode-results.xml","Exact name execution only; not full-task acceptance"
"03-确定性内核.md","TickTargetedScheduleEditPhasePrecedesDuePlanStartGatePhase","1","1","优化任务/执行记录/11-completion-final-editmode-results.xml","Exact name execution only; not full-task acceptance"
"03-确定性内核.md","StateExpiryPhasePrecedesDuePlanStartGatePhase","1","1","优化任务/执行记录/11-completion-final-editmode-results.xml","Exact name execution only; not full-task acceptance"
"03-确定性内核.md","DuePlanStartGatePhasePrecedesIntentDrain","1","1","优化任务/执行记录/11-completion-final-editmode-results.xml","Exact name execution only; not full-task acceptance"
"03-确定性内核.md","LateInputAfterBatchFreezeCannotMutateCurrentTickSchedule","1","1","优化任务/执行记录/11-completion-final-editmode-results.xml","Exact name execution only; not full-task acceptance"
"03-确定性内核.md","ScheduleRevisionAppearsInCanonicalSnapshot","1","1","优化任务/执行记录/11-completion-final-editmode-results.xml","Exact name execution only; not full-task acceptance"
"03-确定性内核.md","ScheduleEditsCompareExpectedRevisionToFrozenBatchBase","1","1","优化任务/执行记录/11-completion-final-editmode-results.xml","Exact name execution only; not full-task acceptance"
"03-确定性内核.md","AlreadyEndedStepReturnsEmptyEventsAndSameFinalSnapshot","1","1","优化任务/执行记录/11-completion-final-editmode-results.xml","Exact name execution only; not full-task acceptance"
"03-确定性内核.md","AlreadyEndedStepDoesNotAdvanceTickRngIdsOrSequences","1","1","优化任务/执行记录/11-completion-final-editmode-results.xml","Exact name execution only; not full-task acceptance"
"03-确定性内核.md","FixedUnitsReceiveIdsInOrdinalEncounterSlotOrder","1","1","优化任务/执行记录/11-completion-final-editmode-results.xml","Exact name execution only; not full-task acceptance"
"03-确定性内核.md","RuntimeIdsStartAtOneAndAreNeverReused","1","1","优化任务/执行记录/11-completion-final-editmode-results.xml","Exact name execution only; not full-task acceptance"
"03-确定性内核.md","ReactionOpportunityIdsHaveIndependentMonotonicGenerator","1","1","优化任务/执行记录/11-completion-final-editmode-results.xml","Exact name execution only; not full-task acceptance"
"03-确定性内核.md","IdGeneratorNextValuesAppearInCanonicalSnapshot","1","1","优化任务/执行记录/11-completion-final-editmode-results.xml","Exact name execution only; not full-task acceptance"
"03-确定性内核.md","FreshSimulationsFromSameInitialInputsProduceSameCanonicalHashes","1","1","优化任务/执行记录/11-completion-final-editmode-results.xml","Exact name execution only; not full-task acceptance"
"03-确定性内核.md","InitialStateHashMatchesFreshSimulationBeforeFirstStep","1","1","优化任务/执行记录/11-completion-final-editmode-results.xml","Exact name execution only; not full-task acceptance"
"03-确定性内核.md","ReplayFormatVersionIsIndependentFromRulesVersion","1","1","优化任务/执行记录/11-completion-final-editmode-results.xml","Exact name execution only; not full-task acceptance"
"03-确定性内核.md","SequenceCountersAreIndependentFromObjectIds","1","1","优化任务/执行记录/11-completion-final-editmode-results.xml","Exact name execution only; not full-task acceptance"
"03-确定性内核.md","StepInvariantChecksRunBeforeSnapshotAndDoNotMutateState","1","1","优化任务/执行记录/11-completion-final-editmode-results.xml","Exact name execution only; not full-task acceptance"
"03-确定性内核.md","StepProvidesDistinctGlobalForcedDisplacementSolveAndBatchCommitPhases","1","1","优化任务/执行记录/11-completion-final-editmode-results.xml","Exact name execution only; not full-task acceptance"
"03-确定性内核.md","ForcedDisplacementBatchCommitPrecedesStateControlAndDeathPhases","1","1","优化任务/执行记录/11-completion-final-editmode-results.xml","Exact name execution only; not full-task acceptance"
"03-确定性内核.md","StepCanBeDrivenByExplicitCallerWithoutUnityLifecycle","1","1","优化任务/执行记录/11-completion-final-editmode-results.xml","Exact name execution only; not full-task acceptance"
"03-确定性内核.md","StepResultExposesOnlyImmutableEventsAndSnapshot","1","1","优化任务/执行记录/11-completion-final-editmode-results.xml","Exact name execution only; not full-task acceptance"
"03-确定性内核.md","SimulationCreationUsesTask02BDefinitionAndRuntimeInputs","1","1","优化任务/执行记录/11-completion-final-editmode-results.xml","Exact name execution only; not full-task acceptance"
"03-确定性内核.md","SimulationCreatesOneImmutableFactionRelationResolverFromDefinition","1","1","优化任务/执行记录/11-completion-final-editmode-results.xml","Exact name execution only; not full-task acceptance"
"03-确定性内核.md","DecisionSnapshotFactionQueriesMatchCanonicalDefinition","1","1","优化任务/执行记录/11-completion-final-editmode-results.xml","Exact name execution only; not full-task acceptance"
"03-确定性内核.md","ControllerRegistrationCannotMutateUnitFactionOrRelations","1","1","优化任务/执行记录/11-completion-final-editmode-results.xml","Exact name execution only; not full-task acceptance"
"03-确定性内核.md","DisposeIsIdempotentAndStepAfterDisposeIsRejected","1","1","优化任务/执行记录/11-completion-final-editmode-results.xml","Exact name execution only; not full-task acceptance"
"03-确定性内核.md","SimulationHasNoUnityTimeOrViewWritebackDependency","1","1","优化任务/执行记录/11-completion-final-editmode-results.xml","Exact name execution only; not full-task acceptance"
"03B-运行时所有权与影子验证.md","SceneHasExactlyOneBattleRuntimeBootstrap","1","1","优化任务/执行记录/11-completion-final-playmode-results.xml","Exact name execution only; not full-task acceptance"
"03B-运行时所有权与影子验证.md","DuplicateRuntimeBootstrapFailsFast","1","1","优化任务/执行记录/11-completion-final-playmode-results.xml","Exact name execution only; not full-task acceptance"
"03B-运行时所有权与影子验证.md","CombatDemoNoLongerOwnsAutonomousUpdate","1","1","优化任务/执行记录/11-completion-final-playmode-results.xml","Exact name execution only; not full-task acceptance"
"03B-运行时所有权与影子验证.md","LegacyLogicCallbacksAreClassifiedBeforeNewCanStart","1","1","优化任务/执行记录/11-completion-final-playmode-results.xml","Exact name execution only; not full-task acceptance"
"03B-运行时所有权与影子验证.md","NewModeDisablesEveryRegisteredLegacyLogicWriter","1","1","优化任务/执行记录/11-completion-final-playmode-results.xml","Exact name execution only; not full-task acceptance"
"03B-运行时所有权与影子验证.md","LegacyAndShadowModesEnableTheRecordedLegacyWriterSet","1","1","优化任务/执行记录/11-completion-final-playmode-results.xml","Exact name execution only; not full-task acceptance"
"03B-运行时所有权与影子验证.md","HiddenValidationSceneAdvancesOnlyFromExplicitBootstrap","1","1","优化任务/执行记录/11-completion-final-playmode-results.xml","Exact name execution only; not full-task acceptance"
"03B-运行时所有权与影子验证.md","LegacyModeNeverCallsBattleSimulationStep","1","1","优化任务/执行记录/11-completion-final-playmode-results.xml","Exact name execution only; not full-task acceptance"
"03B-运行时所有权与影子验证.md","NewModeNeverCallsLegacyAdvanceTime","1","1","优化任务/执行记录/11-completion-final-playmode-results.xml","Exact name execution only; not full-task acceptance"
"03B-运行时所有权与影子验证.md","ShadowModeKeepsLegacyAsOnlyAuthority","1","1","优化任务/执行记录/11-completion-final-playmode-results.xml","Exact name execution only; not full-task acceptance"
"03B-运行时所有权与影子验证.md","ShadowSimulationCannotBindViewsOrPlayFeedback","1","1","优化任务/执行记录/11-completion-final-playmode-results.xml","Exact name execution only; not full-task acceptance"
"03B-运行时所有权与影子验证.md","ShadowSimulationCannotMutateLegacyOrUnityState","1","1","优化任务/执行记录/11-completion-final-playmode-results.xml","Exact name execution only; not full-task acceptance"
"03B-运行时所有权与影子验证.md","RuntimeModeCannotChangeDuringActiveBattle","1","1","优化任务/执行记录/11-completion-final-playmode-results.xml","Exact name execution only; not full-task acceptance"
"03B-运行时所有权与影子验证.md","DestroyingBattleStopsActiveAdaptersExactlyOnce","1","1","优化任务/执行记录/11-completion-final-playmode-results.xml","Exact name execution only; not full-task acceptance"
"03B-运行时所有权与影子验证.md","ShadowReportFindsFirstUnexpectedDifference","1","1","优化任务/执行记录/11-completion-final-playmode-results.xml","Exact name execution only; not full-task acceptance"
"03B-运行时所有权与影子验证.md","ShadowReportClassifiesExpectedAndUnexpectedDifferences","1","1","优化任务/执行记录/11-completion-final-playmode-results.xml","Exact name execution only; not full-task acceptance"
"03B-运行时所有权与影子验证.md","ShadowComparisonRunsAfterEveryRegisteredLegacyWriter","1","1","优化任务/执行记录/11-completion-final-playmode-results.xml","Exact name execution only; not full-task acceptance"
"03B-运行时所有权与影子验证.md","ShadowLateUpdateCheckpointIsReadOnlyAndDoesNotAdvanceEitherClock","1","1","优化任务/执行记录/11-completion-final-playmode-results.xml","Exact name execution only; not full-task acceptance"
"03B-运行时所有权与影子验证.md","TemporarilyUncomparableFieldRequiresOwnerTaskAndRemovalGate","1","1","优化任务/执行记录/11-completion-final-playmode-results.xml","Exact name execution only; not full-task acceptance"
"03B-运行时所有权与影子验证.md","ShadowBudgetOverrunInvalidatesComparisonWithoutChangingLegacy","1","1","优化任务/执行记录/11-completion-final-playmode-results.xml","Exact name execution only; not full-task acceptance"
"03B-运行时所有权与影子验证.md","BroadDifferenceAllowlistIsRejected","1","1","优化任务/执行记录/11-completion-final-playmode-results.xml","Exact name execution only; not full-task acceptance"
"03B-运行时所有权与影子验证.md","EquivalentShadowScenarioUsesLogicalCheckpointAlignment","1","1","优化任务/执行记录/11-completion-final-playmode-results.xml","Exact name execution only; not full-task acceptance"
"04-单位状态与生命周期.md","StateTransitionMatrixAcceptsOnlyDeclaredTransitions","1","1","优化任务/执行记录/11-completion-final-editmode-results.xml","Exact name execution only; not full-task acceptance"
"04-单位状态与生命周期.md","TimedTransitionUsesHalfOpenInterval","1","1","优化任务/执行记录/11-completion-final-editmode-results.xml","Exact name execution only; not full-task acceptance"
"04-单位状态与生命周期.md","AutomaticAndExplicitTransitionsEmitEquivalentEvents","1","1","优化任务/执行记录/11-completion-final-editmode-results.xml","Exact name execution only; not full-task acceptance"
"04-单位状态与生命周期.md","DeadIsTerminal","1","1","优化任务/执行记录/11-completion-final-editmode-results.xml","Exact name execution only; not full-task acceptance"
"04-单位状态与生命周期.md","DeathNotifiesLifecycleCleanupHooksInUnitIdOrder","1","1","优化任务/执行记录/11-completion-final-editmode-results.xml","Exact name execution only; not full-task acceptance"
"04-单位状态与生命周期.md","RepeatedDeathProcessingDoesNotDuplicateLifecycleNotice","1","1","优化任务/执行记录/11-completion-final-editmode-results.xml","Exact name execution only; not full-task acceptance"
"04-单位状态与生命周期.md","StateMachineDoesNotExposeSubmissionAuthority","1","1","优化任务/执行记录/11-completion-final-editmode-results.xml","Exact name execution only; not full-task acceptance"
"04-单位状态与生命周期.md","StateMachineExposesDirectHitEligibilityNotInteractionParticipation","1","1","优化任务/执行记录/11-completion-final-editmode-results.xml","Exact name execution only; not full-task acceptance"
"04-单位状态与生命周期.md","GuardingBlockingAndDodgingRemainDirectHitEligibleStates","1","1","优化任务/执行记录/11-completion-final-editmode-results.xml","Exact name execution only; not full-task acceptance"
"04-单位状态与生命周期.md","DefenseStateAloneDoesNotMitigateOrInvalidateContact","1","1","优化任务/执行记录/11-completion-final-editmode-results.xml","Exact name execution only; not full-task acceptance"
"04-单位状态与生命周期.md","ControlStatesRejectDirectHitByInitialRules","1","1","优化任务/执行记录/11-completion-final-editmode-results.xml","Exact name execution only; not full-task acceptance"
"04-单位状态与生命周期.md","FiniteControlStateExposesAuthoritativeBlockingUntilTick","1","1","优化任务/执行记录/11-completion-final-editmode-results.xml","Exact name execution only; not full-task acceptance"
"04-单位状态与生命周期.md","ControlStateExpiringAtTickIsAdvancedBeforeStartGate","1","1","优化任务/执行记录/11-completion-final-editmode-results.xml","Exact name execution only; not full-task acceptance"
"04-单位状态与生命周期.md","ExpiredEffectDoesNotTickAtEndTick","1","1","优化任务/执行记录/11-completion-final-editmode-results.xml","Exact name execution only; not full-task acceptance"
"04-单位状态与生命周期.md","EffectMutationDuringIterationIsDeferredAndOrdered","1","1","优化任务/执行记录/11-completion-final-editmode-results.xml","Exact name execution only; not full-task acceptance"
"04-单位状态与生命周期.md","EffectIdIsUniqueAndAppearsInCanonicalSnapshot","1","1","优化任务/执行记录/11-completion-final-editmode-results.xml","Exact name execution only; not full-task acceptance"
"04-单位状态与生命周期.md","DamageOverTimeDeathOccursBeforeNewCommands","1","1","优化任务/执行记录/11-completion-final-editmode-results.xml","Exact name execution only; not full-task acceptance"
"04-单位状态与生命周期.md","LethalForcedDisplacementCommitsBeforeDeathRemovesFinalOccupancy","1","1","优化任务/执行记录/11-completion-final-editmode-results.xml","Exact name execution only; not full-task acceptance"
"04-单位状态与生命周期.md","LethalUnitStillParticipatesInSameTickDisplacementDependencyGraph","1","1","优化任务/执行记录/11-completion-final-editmode-results.xml","Exact name execution only; not full-task acceptance"
"04-单位状态与生命周期.md","VictoryIsEvaluatedBeforeWindowAdvance","1","1","优化任务/执行记录/11-completion-final-editmode-results.xml","Exact name execution only; not full-task acceptance"
"04-单位状态与生命周期.md","PreCommandDeathAndVictoryRunBeforeScheduledWindowOpen","1","1","优化任务/执行记录/11-completion-final-editmode-results.xml","Exact name execution only; not full-task acceptance"
"04-单位状态与生命周期.md","VictoryDeclaresResultWithoutEmittingBattleEndedBeforeFinalization","1","1","优化任务/执行记录/11-completion-final-editmode-results.xml","Exact name execution only; not full-task acceptance"
"04-单位状态与生命周期.md","VictoryUsesFactionIdNotControllerOrPlayerFlag","1","1","优化任务/执行记录/11-completion-final-editmode-results.xml","Exact name execution only; not full-task acceptance"
"04-单位状态与生命周期.md","VictoryUsesConfiguredObjectiveGroupsNotRuntimeDispositionScan","1","1","优化任务/执行记录/11-completion-final-editmode-results.xml","Exact name execution only; not full-task acceptance"
"04-单位状态与生命周期.md","AlliedEliminatedProducesConfiguredDefeat","1","1","优化任务/执行记录/11-completion-final-editmode-results.xml","Exact name execution only; not full-task acceptance"
"04-单位状态与生命周期.md","HostileEliminatedProducesConfiguredVictory","1","1","优化任务/执行记录/11-completion-final-editmode-results.xml","Exact name execution only; not full-task acceptance"
"04-单位状态与生命周期.md","SimultaneousFactionEliminationProducesConfiguredDraw","1","1","优化任务/执行记录/11-completion-final-editmode-results.xml","Exact name execution only; not full-task acceptance"
"04-单位状态与生命周期.md","OutOfObjectiveFactionDoesNotBlockEliminationVictoryOrLoseItsDisposition","1","1","优化任务/执行记录/11-completion-final-editmode-results.xml","Exact name execution only; not full-task acceptance"
"04-单位状态与生命周期.md","StateDeathAndVictoryShadowProfileHasNoUnclassifiedDifference","1","1","优化任务/执行记录/11-completion-final-playmode-results.xml","Exact name execution only; not full-task acceptance"
"05-ActionPlan与ActorLane.md","DodgeAcceptanceDoesNotTerminateFutureMoves","1","1","优化任务/执行记录/11-completion-final-editmode-results.xml","Exact name execution only; not full-task acceptance"
"05-ActionPlan与ActorLane.md","DodgeOriginInvalidationFindsTransitiveMovesAcrossNonMovementPlans","1","1","优化任务/执行记录/11-completion-final-editmode-results.xml","Exact name execution only; not full-task acceptance"
"05-ActionPlan与ActorLane.md","DodgeOriginInvalidationUsesCurrentScheduleIncludingLaterEdits","1","1","优化任务/执行记录/11-completion-final-editmode-results.xml","Exact name execution only; not full-task acceptance"
"05-ActionPlan与ActorLane.md","DodgeMovementTerminalIsIdempotentAndDoesNotIncrementScheduleRevision","1","1","优化任务/执行记录/11-completion-final-editmode-results.xml","Exact name execution only; not full-task acceptance"
"05-ActionPlan与ActorLane.md","DodgeOriginInvalidationPreservesIndependentPlansAndTheirTicks","1","1","优化任务/执行记录/11-completion-final-editmode-results.xml","Exact name execution only; not full-task acceptance"
"05-ActionPlan与ActorLane.md","SameActorPlansAreSerializedByLane","1","1","优化任务/执行记录/11-completion-final-editmode-results.xml","Exact name execution only; not full-task acceptance"
"05-ActionPlan与ActorLane.md","DifferentActorPlansMayOverlap","1","1","优化任务/执行记录/11-completion-final-editmode-results.xml","Exact name execution only; not full-task acceptance"
"05-ActionPlan与ActorLane.md","OrdinaryPlanUsesSingleIdentityAcrossEditableLockedAndRunning","1","1","优化任务/执行记录/11-completion-final-editmode-results.xml","Exact name execution only; not full-task acceptance"
"05-ActionPlan与ActorLane.md","ReactionPlanIsCreatedLockedWithoutEditablePhase","1","1","优化任务/执行记录/11-completion-final-editmode-results.xml","Exact name execution only; not full-task acceptance"
"05-ActionPlan与ActorLane.md","AttackRelativeTimingResolvesOnceWhenPlanBecomesEditable","1","1","优化任务/执行记录/11-completion-final-editmode-results.xml","Exact name execution only; not full-task acceptance"
"05-ActionPlan与ActorLane.md","ActionSpeedChangesWindupButNotRecovery","1","1","优化任务/执行记录/11-completion-final-editmode-results.xml","Exact name execution only; not full-task acceptance"
"05-ActionPlan与ActorLane.md","MovingEditableAttackRebindsAbsoluteTicksWithoutResamplingSpeed","2","2","优化任务/执行记录/11-completion-final-editmode-results.xml","Exact name execution only; not full-task acceptance"
"05-ActionPlan与ActorLane.md","AttackImpactOccursAtResolvedWindupEnd","0","0","","Exact name execution only; not full-task acceptance"
"05-ActionPlan与ActorLane.md","AttackBudgetCostEqualsResolvedWindupPlusRecovery","0","0","","Exact name execution only; not full-task acceptance"
"05-ActionPlan与ActorLane.md","GuardTimingResolvesWindupActiveRecoveryAndBudgetOnce","1","1","优化任务/执行记录/11-completion-final-editmode-results.xml","Exact name execution only; not full-task acceptance"
"05-ActionPlan与ActorLane.md","MoveStepTicksResolveOnceButEditablePathCountCanRecompute","1","1","优化任务/执行记录/11-completion-final-editmode-results.xml","Exact name execution only; not full-task acceptance"
"05-ActionPlan与ActorLane.md","MoveChainRecomputesProjectedStartPathDurationAndBudget","1","1","优化任务/执行记录/11-completion-final-editmode-results.xml","Exact name execution only; not full-task acceptance"
"05-ActionPlan与ActorLane.md","AcceptedAttackTimingDoesNotChangeAfterSpeedMutation","1","1","优化任务/执行记录/11-completion-final-editmode-results.xml","Exact name execution only; not full-task acceptance"
"05-ActionPlan与ActorLane.md","AttackInterruptedBeforeImpactEmitsNoIntent","1","1","优化任务/执行记录/11-completion-final-editmode-results.xml","Exact name execution only; not full-task acceptance"
"05-ActionPlan与ActorLane.md","PrimaryTargetMustSatisfyAllowedRelationAtAddAndStartGate","1","1","优化任务/执行记录/11-completion-final-editmode-results.xml","Exact name execution only; not full-task acceptance"
"05-ActionPlan与ActorLane.md","InvalidPrimaryTargetRelationTerminatesAsTargetInvalidWithoutRetargeting","1","1","优化任务/执行记录/11-completion-final-editmode-results.xml","Exact name execution only; not full-task acceptance"
"05-ActionPlan与ActorLane.md","ImpactTickTransitionsToRecoveryAndStillEmitsIntent","1","1","优化任务/执行记录/11-completion-final-editmode-results.xml","Exact name execution only; not full-task acceptance"
"05-ActionPlan与ActorLane.md","RemovingEditablePlanDoesNotPullLaterPlansForward","1","1","优化任务/执行记录/11-completion-final-editmode-results.xml","Exact name execution only; not full-task acceptance"
"05-ActionPlan与ActorLane.md","ScheduleEditTargetsFutureTickAndRunsBeforeDuePlanStartGate","1","1","优化任务/执行记录/11-completion-final-editmode-results.xml","Exact name execution only; not full-task acceptance"
"05-ActionPlan与ActorLane.md","RequestedStartBeforeCommandTargetTickRejectsWholeBatch","1","1","优化任务/执行记录/11-completion-final-editmode-results.xml","Exact name execution only; not full-task acceptance"
"05-ActionPlan与ActorLane.md","TickNPlusOnePlanRemainsEditableUntilTickNPlusOneCommandPhase","1","1","优化任务/执行记录/11-completion-final-editmode-results.xml","Exact name execution only; not full-task acceptance"
"05-ActionPlan与ActorLane.md","InputAfterBatchFreezeCannotEditPlanLockedThisTick","1","1","优化任务/执行记录/11-completion-final-editmode-results.xml","Exact name execution only; not full-task acceptance"
"05-ActionPlan与ActorLane.md","ControlExpiringAtStartTickAllowsPlanToStartWithoutDelay","1","1","优化任务/执行记录/11-completion-final-editmode-results.xml","Exact name execution only; not full-task acceptance"
"05-ActionPlan与ActorLane.md","TimedControlBlockerAutoDefersDueEditablePlan","1","1","优化任务/执行记录/11-completion-final-editmode-results.xml","Exact name execution only; not full-task acceptance"
"05-ActionPlan与ActorLane.md","NoFiniteRetryTickTerminatesPlanAsActorUnavailableAtStart","1","1","优化任务/执行记录/11-completion-final-editmode-results.xml","Exact name execution only; not full-task acceptance"
"05-ActionPlan与ActorLane.md","AutoDeferralLimitOrHorizonTerminatesWithExplicitReason","1","1","优化任务/执行记录/11-completion-final-editmode-results.xml","Exact name execution only; not full-task acceptance"
"05-ActionPlan与ActorLane.md","AutoDeferralRipplesOnlyEditableDependencyClosureRight","0","0","","Exact name execution only; not full-task acceptance"
"05-ActionPlan与ActorLane.md","AutoDeferralNeverMovesLockedRunningOrReactionPlan","1","1","优化任务/执行记录/11-completion-final-editmode-results.xml","Exact name execution only; not full-task acceptance"
"05-ActionPlan与ActorLane.md","AutoDeferralPreservesLastRequestedStartTick","0","0","","Exact name execution only; not full-task acceptance"
"05-ActionPlan与ActorLane.md","AutoDeferralReusesCanonicalScheduleEvaluator","1","1","优化任务/执行记录/11-completion-final-editmode-results.xml","Exact name execution only; not full-task acceptance"
"05-ActionPlan与ActorLane.md","SuccessfulSystemAutoDeferralIncrementsRevisionExactlyOnce","0","0","","Exact name execution only; not full-task acceptance"
"05-ActionPlan与ActorLane.md","FailedSystemAutoDeferralDoesNotIncrementRevision","1","1","优化任务/执行记录/11-completion-final-editmode-results.xml","Exact name execution only; not full-task acceptance"
"05-ActionPlan与ActorLane.md","FailedAutoDeferralTerminatesEditableAndReleasesPreLockArtifacts","0","0","","Exact name execution only; not full-task acceptance"
"05-ActionPlan与ActorLane.md","AutomaticDeferralCountAppearsInCanonicalSnapshot","1","1","优化任务/执行记录/11-completion-final-editmode-results.xml","Exact name execution only; not full-task acceptance"
"05-ActionPlan与ActorLane.md","ActionPlanAutoDeferredEventContainsCanonicalRippleAndRevision","2","2","优化任务/执行记录/11-completion-final-editmode-results.xml","Exact name execution only; not full-task acceptance"
"05-ActionPlan与ActorLane.md","StartGateLockAndRunningCommitIsAtomic","1","1","优化任务/执行记录/11-completion-final-editmode-results.xml","Exact name execution only; not full-task acceptance"
"05-ActionPlan与ActorLane.md","ActionStateLaneDivergenceIsInvariantViolation","2","2","优化任务/执行记录/11-completion-final-editmode-results.xml","Exact name execution only; not full-task acceptance"
"05-ActionPlan与ActorLane.md","LockedPlanCannotBeMovedOrRemoved","1","1","优化任务/执行记录/11-completion-final-editmode-results.xml","Exact name execution only; not full-task acceptance"
"05-ActionPlan与ActorLane.md","ReactionPlanCannotBeMovedOrRemoved","1","1","优化任务/执行记录/11-completion-final-editmode-results.xml","Exact name execution only; not full-task acceptance"
"05-ActionPlan与ActorLane.md","ScheduleRippleMovesOnlyEditablePlansRight","1","1","优化任务/执行记录/11-completion-final-editmode-results.xml","Exact name execution only; not full-task acceptance"
"05-ActionPlan与ActorLane.md","OnlyDirectlyMovedPlanMayStartEarlierThanItsOldProjection","1","1","优化任务/执行记录/11-completion-final-editmode-results.xml","Exact name execution only; not full-task acceptance"
"05-ActionPlan与ActorLane.md","LockedAndReactionIntervalsRemainFixedObstacles","1","1","优化任务/执行记录/11-completion-final-editmode-results.xml","Exact name execution only; not full-task acceptance"
"05-ActionPlan与ActorLane.md","SchedulePreviewAndCommitUseSameCanonicalEvaluator","1","1","优化任务/执行记录/11-completion-final-editmode-results.xml","Exact name execution only; not full-task acceptance"
"05-ActionPlan与ActorLane.md","SuccessfulScheduleEditIncrementsRevisionExactlyOnce","1","1","优化任务/执行记录/11-completion-final-editmode-results.xml","Exact name execution only; not full-task acceptance"
"05-ActionPlan与ActorLane.md","DisjointScheduleEditsFromSameFrozenRevisionMayBothSucceed","1","1","优化任务/执行记录/11-completion-final-editmode-results.xml","Exact name execution only; not full-task acceptance"
"05-ActionPlan与ActorLane.md","OverlappingScheduleEditLaterInBatchIsRejectedByCommandOrder","1","1","优化任务/执行记录/11-completion-final-editmode-results.xml","Exact name execution only; not full-task acceptance"
"05-ActionPlan与ActorLane.md","FailedOrPreviewedScheduleEditDoesNotIncrementRevision","1","1","优化任务/执行记录/11-completion-final-editmode-results.xml","Exact name execution only; not full-task acceptance"
"05-ActionPlan与ActorLane.md","StaleScheduleRevisionRejectsWholeBatch","1","1","优化任务/执行记录/11-completion-final-editmode-results.xml","Exact name execution only; not full-task acceptance"
"05-ActionPlan与ActorLane.md","DuplicateOperationOrCyclicInsertionAnchorRejectsWholeBatch","1","1","优化任务/执行记录/11-completion-final-editmode-results.xml","Exact name execution only; not full-task acceptance"
"05-ActionPlan与ActorLane.md","ScheduleEditFailureLeavesNoPartialPlanOrLaneMutation","1","1","优化任务/执行记录/11-completion-final-editmode-results.xml","Exact name execution only; not full-task acceptance"
"05-ActionPlan与ActorLane.md","AddedPlanReceivesIdOnlyAfterTransactionValidation","1","1","优化任务/执行记录/11-completion-final-editmode-results.xml","Exact name execution only; not full-task acceptance"
"05-ActionPlan与ActorLane.md","AllTerminalTransitionsUseSingleLifecycleEntry","1","1","优化任务/执行记录/11-completion-final-editmode-results.xml","Exact name execution only; not full-task acceptance"
"05-ActionPlan与ActorLane.md","TerminalPlanCannotEmitUnfrozenOrFutureIntent","0","0","","Exact name execution only; not full-task acceptance"
"05-ActionPlan与ActorLane.md","FrozenCurrentTickIntentResolvesBeforeTerminalCleanup","1","1","优化任务/执行记录/11-completion-final-editmode-results.xml","Exact name execution only; not full-task acceptance"
"05-ActionPlan与ActorLane.md","TerminalCleanupIsIdempotentAndFirstReasonWins","1","1","优化任务/执行记录/11-completion-final-editmode-results.xml","Exact name execution only; not full-task acceptance"
"05-ActionPlan与ActorLane.md","TerminalCleanupDoesNotRewindIdsOrSequences","2","2","优化任务/执行记录/11-completion-final-editmode-results.xml","Exact name execution only; not full-task acceptance"
"05-ActionPlan与ActorLane.md","TerminalCleanupEmitsLifecycleEventOnce","1","1","优化任务/执行记录/11-completion-final-editmode-results.xml","Exact name execution only; not full-task acceptance"
"05-ActionPlan与ActorLane.md","ForcedDisplacementPlanInvalidationUsesSingleLifecycleEntry","0","0","","Exact name execution only; not full-task acceptance"
"05-ActionPlan与ActorLane.md","MovementOriginInvalidatedWinsOverReservationPreemptionForSamePlan","1","1","优化任务/执行记录/11-completion-final-editmode-results.xml","Exact name execution only; not full-task acceptance"
"05-ActionPlan与ActorLane.md","ForcedDisplacementTerminationDoesNotPullLaterPlansForward","1","1","优化任务/执行记录/11-completion-final-editmode-results.xml","Exact name execution only; not full-task acceptance"
"05-ActionPlan与ActorLane.md","SubmissionLockDoesNotDeleteExistingPlans","1","1","优化任务/执行记录/11-completion-final-editmode-results.xml","Exact name execution only; not full-task acceptance"
"05-ActionPlan与ActorLane.md","NonIdleStateDoesNotByItselfRejectFuturePlan","1","1","优化任务/执行记录/11-completion-final-editmode-results.xml","Exact name execution only; not full-task acceptance"
"05-ActionPlan与ActorLane.md","SubmittedWindowIdDoesNotFilterPlanExecution","1","1","优化任务/执行记录/11-completion-final-editmode-results.xml","Exact name execution only; not full-task acceptance"
"05-ActionPlan与ActorLane.md","ReactionPlanUsesOpportunityBindingAndNullSubmittedWindowId","1","1","优化任务/执行记录/11-completion-final-editmode-results.xml","Exact name execution only; not full-task acceptance"
"05-ActionPlan与ActorLane.md","AttackCannotOpenReactionOpportunityBeforeTelegraphTick","1","1","优化任务/执行记录/11-completion-final-editmode-results.xml","Exact name execution only; not full-task acceptance"
"05-ActionPlan与ActorLane.md","EditableAttackCannotOpenReactionOpportunityBeforeLockAndStart","1","1","优化任务/执行记录/11-completion-final-editmode-results.xml","Exact name execution only; not full-task acceptance"
"05-ActionPlan与ActorLane.md","UnreactableAttackDoesNotOpenReactionOpportunity","1","1","优化任务/执行记录/11-completion-final-editmode-results.xml","Exact name execution only; not full-task acceptance"
"05-ActionPlan与ActorLane.md","OpportunityCandidatesDoNotDependOnPlayerOrAiControllerKind","1","1","优化任务/执行记录/11-completion-final-editmode-results.xml","Exact name execution only; not full-task acceptance"
"05-ActionPlan与ActorLane.md","AreaOpportunityCandidatesUseSameFactionRelationMaskAsAttack","1","1","优化任务/执行记录/11-completion-final-editmode-results.xml","Exact name execution only; not full-task acceptance"
"05-ActionPlan与ActorLane.md","ExplicitFriendlyFireCanCreateFriendlyReactionOpportunity","1","1","优化任务/执行记录/11-completion-final-editmode-results.xml","Exact name execution only; not full-task acceptance"
"05-ActionPlan与ActorLane.md","ReactionOptionDeadlineIsDerivedFromImpactAndReactionWindup","1","1","优化任务/执行记录/11-completion-final-editmode-results.xml","Exact name execution only; not full-task acceptance"
"05-ActionPlan与ActorLane.md","ReactionOptionWithoutCommandIngressLeadIsNotPublished","1","1","优化任务/执行记录/11-completion-final-editmode-results.xml","Exact name execution only; not full-task acceptance"
"05-ActionPlan与ActorLane.md","ReactionOptionsRequireCompatibleSourceTags","1","1","优化任务/执行记录/11-completion-final-editmode-results.xml","Exact name execution only; not full-task acceptance"
"05-ActionPlan与ActorLane.md","ReactionOptionDeadlineIsInclusiveAndExpiresAfterCommandPhase","1","1","优化任务/执行记录/11-completion-final-editmode-results.xml","Exact name execution only; not full-task acceptance"
"05-ActionPlan与ActorLane.md","EachReactionOptionEmitsExpiryOnceAndLastOptionClosesOpportunity","1","1","优化任务/执行记录/11-completion-final-editmode-results.xml","Exact name execution only; not full-task acceptance"
"05-ActionPlan与ActorLane.md","ReactionOpportunityLeavesOpenAndEmitsCloseOnlyOnce","1","1","优化任务/执行记录/11-completion-final-editmode-results.xml","Exact name execution only; not full-task acceptance"
"05-ActionPlan与ActorLane.md","ReactionCommandCannotProvideTriggerTick","2","2","优化任务/执行记录/11-completion-final-editmode-results.xml","Exact name execution only; not full-task acceptance"
"05-ActionPlan与ActorLane.md","ReactionFixedIntervalCannotBeShiftedByLaneTail","1","1","优化任务/执行记录/11-completion-final-editmode-results.xml","Exact name execution only; not full-task acceptance"
"05-ActionPlan与ActorLane.md","ReactionLaneOverlapIsRejectedWithoutPreemption","0","0","","Exact name execution only; not full-task acceptance"
"05-ActionPlan与ActorLane.md","LockedReactionCannotAutoDefer","1","1","优化任务/执行记录/11-completion-final-editmode-results.xml","Exact name execution only; not full-task acceptance"
"05-ActionPlan与ActorLane.md","ControlInvalidatesLockedReactionAsInterruptedByControl","1","1","优化任务/执行记录/11-completion-final-editmode-results.xml","Exact name execution only; not full-task acceptance"
"05-ActionPlan与ActorLane.md","SourceThreatCancelledTerminatesBoundReactionAndRequestsReservationRelease","1","1","优化任务/执行记录/11-completion-final-editmode-results.xml","Exact name execution only; not full-task acceptance"
"05-ActionPlan与ActorLane.md","ReactionOpportunityStateAndNextIdAppearInCanonicalSnapshot","1","1","优化任务/执行记录/11-completion-final-editmode-results.xml","Exact name execution only; not full-task acceptance"
"05-ActionPlan与ActorLane.md","DeathLocksLaneAndTerminatesAllNonTerminalPlansInActionPlanIdOrder","1","1","优化任务/执行记录/11-completion-final-editmode-results.xml","Exact name execution only; not full-task acceptance"
"05-ActionPlan与ActorLane.md","PlanAndLaneAppearInCanonicalSnapshot","2","2","优化任务/执行记录/11-completion-final-editmode-results.xml","Exact name execution only; not full-task acceptance"
"05-ActionPlan与ActorLane.md","PlanTimingAppearsInCanonicalSnapshot","2","2","优化任务/执行记录/11-completion-final-editmode-results.xml","Exact name execution only; not full-task acceptance"
"05-ActionPlan与ActorLane.md","ScheduleRevisionAndPlanEditLockTicksAppearInCanonicalSnapshot","1","1","优化任务/执行记录/11-completion-final-editmode-results.xml","Exact name execution only; not full-task acceptance"
"05-ActionPlan与ActorLane.md","SchedulingFailureRollsBackPlanAndLane","0","0","","Exact name execution only; not full-task acceptance"
"05-ActionPlan与ActorLane.md","BattleEndTerminatesPlansInActionPlanIdOrderAndLocksAllLanes","1","1","优化任务/执行记录/11-completion-final-editmode-results.xml","Exact name execution only; not full-task acceptance"
"05-ActionPlan与ActorLane.md","BattleEndUsesSamePlanTerminalCoordinator","1","1","优化任务/执行记录/11-completion-final-editmode-results.xml","Exact name execution only; not full-task acceptance"
"05-ActionPlan与ActorLane.md","BattleEndedPlansRemainInHistoryButLeaveActiveIndexes","1","1","优化任务/执行记录/11-completion-final-editmode-results.xml","Exact name execution only; not full-task acceptance"
"05-ActionPlan与ActorLane.md","StepEndHasNoActiveArtifactReferencingTerminalPlan","2","2","优化任务/执行记录/11-completion-final-editmode-results.xml","Exact name execution only; not full-task acceptance"
"05-ActionPlan与ActorLane.md","ActionPlanAndLaneShadowProfileHasNoUnclassifiedDifference","1","1","优化任务/执行记录/11-completion-final-playmode-results.xml","Exact name execution only; not full-task acceptance"
"06-LogicGrid与移动段.md","AreaQueryReturnsUnitsOrderedByUnitId","1","1","优化任务/执行记录/11-completion-final-editmode-results.xml","Exact name execution only; not full-task acceptance"
"06-LogicGrid与移动段.md","LogicGridUsesCanonicalVolumeTableForEveryDirection","1","1","优化任务/执行记录/11-completion-final-editmode-results.xml","Exact name execution only; not full-task acceptance"
"06-LogicGrid与移动段.md","VolumeOccupancyOnlyIndexesAndTranslatesIntegerPoints","1","1","优化任务/执行记录/11-completion-final-editmode-results.xml","Exact name execution only; not full-task acceptance"
"06-LogicGrid与移动段.md","RuntimeGridHasNoLegacyFloatRotationDependency","1","1","优化任务/执行记录/11-completion-final-editmode-results.xml","Exact name execution only; not full-task acceptance"
"06-LogicGrid与移动段.md","NeighborEnumerationUsesCanonicalGridDirectionOrder","1","1","优化任务/执行记录/11-completion-final-editmode-results.xml","Exact name execution only; not full-task acceptance"
"06-LogicGrid与移动段.md","EvenGridDirectionsHaveOneWeightUnit","1","1","优化任务/执行记录/11-completion-final-editmode-results.xml","Exact name execution only; not full-task acceptance"
"06-LogicGrid与移动段.md","OddGridDirectionsHaveTwoWeightUnits","1","1","优化任务/执行记录/11-completion-final-editmode-results.xml","Exact name execution only; not full-task acceptance"
"06-LogicGrid与移动段.md","PathWeightEqualsCheckedSumOfEdgeWeights","1","1","优化任务/执行记录/11-completion-final-editmode-results.xml","Exact name execution only; not full-task acceptance"
"06-LogicGrid与移动段.md","IntegerHeuristicMatchesUnobstructedOneTwoCostLowerBound","1","1","优化任务/执行记录/11-completion-final-editmode-results.xml","Exact name execution only; not full-task acceptance"
"06-LogicGrid与移动段.md","PathfinderUsesNoFloatingPointCostOrHeuristic","1","1","优化任务/执行记录/11-completion-final-editmode-results.xml","Exact name execution only; not full-task acceptance"
"06-LogicGrid与移动段.md","EqualCostPathUsesCanonicalNeighborOrder","1","1","优化任务/执行记录/11-completion-final-editmode-results.xml","Exact name execution only; not full-task acceptance"
"06-LogicGrid与移动段.md","EqualFAndHPathUsesGridPointLexicographicOrder","1","1","优化任务/执行记录/11-completion-final-editmode-results.xml","Exact name execution only; not full-task acceptance"
"06-LogicGrid与移动段.md","OpenSetTieDoesNotDependOnInsertionSequence","1","1","优化任务/执行记录/11-completion-final-editmode-results.xml","Exact name execution only; not full-task acceptance"
"06-LogicGrid与移动段.md","EqualTentativeGKeepsFirstCanonicalParent","1","1","优化任务/执行记录/11-completion-final-editmode-results.xml","Exact name execution only; not full-task acceptance"
"06-LogicGrid与移动段.md","MoveSpeedDoesNotChangeChosenPath","1","1","优化任务/执行记录/11-completion-final-editmode-results.xml","Exact name execution only; not full-task acceptance"
"06-LogicGrid与移动段.md","MoveSpeedOnlyChangesResolvedBaseStepTicks","1","1","优化任务/执行记录/11-completion-final-editmode-results.xml","Exact name execution only; not full-task acceptance"
"06-LogicGrid与移动段.md","PathfinderSearchesOnlyInsideEncounterGridBoundary","1","1","优化任务/执行记录/11-completion-final-editmode-results.xml","Exact name execution only; not full-task acceptance"
"06-LogicGrid与移动段.md","InvalidStartIsRejectedBeforeInvalidDestinationAndSearch","1","1","优化任务/执行记录/11-completion-final-editmode-results.xml","Exact name execution only; not full-task acceptance"
"06-LogicGrid与移动段.md","InvalidDestinationIsDistinctFromPathNotFound","1","1","优化任务/执行记录/11-completion-final-editmode-results.xml","Exact name execution only; not full-task acceptance"
"06-LogicGrid与移动段.md","PathSearchAllowsExactly4096ExpandedNodes","1","1","优化任务/执行记录/11-completion-final-editmode-results.xml","Exact name execution only; not full-task acceptance"
"06-LogicGrid与移动段.md","PathSearchNodeLimitReturnsStableFailure","1","1","优化任务/执行记录/11-completion-final-editmode-results.xml","Exact name execution only; not full-task acceptance"
"06-LogicGrid与移动段.md","PathSearchAllowsExactly256WeightUnits","1","1","优化任务/执行记录/11-completion-final-editmode-results.xml","Exact name execution only; not full-task acceptance"
"06-LogicGrid与移动段.md","PathWeightLimitReturnsStableFailure","1","1","优化任务/执行记录/11-completion-final-editmode-results.xml","Exact name execution only; not full-task acceptance"
"06-LogicGrid与移动段.md","PathSearchAllowsExactly192Edges","1","1","优化任务/执行记录/11-completion-final-editmode-results.xml","Exact name execution only; not full-task acceptance"
"06-LogicGrid与移动段.md","PathEdgeLimitReturnsStableFailure","1","1","优化任务/执行记录/11-completion-final-editmode-results.xml","Exact name execution only; not full-task acceptance"
"06-LogicGrid与移动段.md","PathCostOverflowReturnsStableFailureWithoutMutation","1","1","优化任务/执行记录/11-completion-final-editmode-results.xml","Exact name execution only; not full-task acceptance"
"06-LogicGrid与移动段.md","PathFailurePriorityIsOverflowThenEdgeThenWeight","1","1","优化任务/执行记录/11-completion-final-editmode-results.xml","Exact name execution only; not full-task acceptance"
"06-LogicGrid与移动段.md","NoPathIsDistinctFromSearchLimitFailure","1","1","优化任务/执行记录/11-completion-final-editmode-results.xml","Exact name execution only; not full-task acceptance"
"06-LogicGrid与移动段.md","MovingUnitOccupiesFromUntilEndTick","1","1","优化任务/执行记录/11-completion-final-editmode-results.xml","Exact name execution only; not full-task acceptance"
"06-LogicGrid与移动段.md","MovementCommitsToDestinationAtEndTickBeforeCommands","1","1","优化任务/执行记录/11-completion-final-editmode-results.xml","Exact name execution only; not full-task acceptance"
"06-LogicGrid与移动段.md","DestinationRemainsReservedDuringMovementSegment","1","1","优化任务/执行记录/11-completion-final-editmode-results.xml","Exact name execution only; not full-task acceptance"
"06-LogicGrid与移动段.md","MultiStepPathUsesIndependentSegments","1","1","优化任务/执行记录/11-completion-final-editmode-results.xml","Exact name execution only; not full-task acceptance"
"06-LogicGrid与移动段.md","ReservationConflictWinnerFollowsCanonicalCommandOrder","1","1","优化任务/执行记录/11-completion-final-editmode-results.xml","Exact name execution only; not full-task acceptance"
"06-LogicGrid与移动段.md","ReservationConflictIgnoresRawBatchEnumerationOrder","2","2","优化任务/执行记录/11-completion-final-editmode-results.xml","Exact name execution only; not full-task acceptance"
"06-LogicGrid与移动段.md","DuplicateProducerOrdinalCannotChooseReservationWinner","1","1","优化任务/执行记录/11-completion-final-editmode-results.xml","Exact name execution only; not full-task acceptance"
"06-LogicGrid与移动段.md","LaterCommandCannotPreemptCommittedReservation","1","1","优化任务/执行记录/11-completion-final-editmode-results.xml","Exact name execution only; not full-task acceptance"
"06-LogicGrid与移动段.md","FailedPathReservationRollsBackAllSegments","1","1","优化任务/执行记录/11-completion-final-editmode-results.xml","Exact name execution only; not full-task acceptance"
"06-LogicGrid与移动段.md","WindowSwitchDoesNotChangeMovementOrReservation","1","1","优化任务/执行记录/11-completion-final-editmode-results.xml","Exact name execution only; not full-task acceptance"
"06-LogicGrid与移动段.md","GridStateAppearsCanonicallyInSnapshot","1","1","优化任务/执行记录/11-completion-final-editmode-results.xml","Exact name execution only; not full-task acceptance"
"06-LogicGrid与移动段.md","FactionRelationDoesNotImplicitlyDisableOccupancyOrReservation","1","1","优化任务/执行记录/11-completion-final-editmode-results.xml","Exact name execution only; not full-task acceptance"
"06-LogicGrid与移动段.md","PlanTerminalBeforeMovementEndKeepsLastCommittedCell","1","1","优化任务/执行记录/11-completion-final-editmode-results.xml","Exact name execution only; not full-task acceptance"
"06-LogicGrid与移动段.md","TerminalPlanNeverCommitsDestinationAtFormerEndTick","1","1","优化任务/执行记录/11-completion-final-editmode-results.xml","Exact name execution only; not full-task acceptance"
"06-LogicGrid与移动段.md","PlanTerminalReleasesAllOwnedReservations","1","1","优化任务/执行记录/11-completion-final-editmode-results.xml","Exact name execution only; not full-task acceptance"
"06-LogicGrid与移动段.md","PlanTerminalRemovesActiveAndFutureMovementSegments","1","1","优化任务/执行记录/11-completion-final-editmode-results.xml","Exact name execution only; not full-task acceptance"
"06-LogicGrid与移动段.md","RepeatedPlanTerminalCleanupIsIdempotent","1","1","优化任务/执行记录/11-completion-final-editmode-results.xml","Exact name execution only; not full-task acceptance"
"06-LogicGrid与移动段.md","VisualInterpolationDoesNotAffectInterruptedMovementResult","1","1","优化任务/执行记录/11-completion-final-editmode-results.xml","Exact name execution only; not full-task acceptance"
"06-LogicGrid与移动段.md","NoActiveMovementArtifactReferencesTerminalPlanAtStepEnd","1","1","优化任务/执行记录/11-completion-final-editmode-results.xml","Exact name execution only; not full-task acceptance"
"06-LogicGrid与移动段.md","BattleEndReleasesReservationsAndRemovesActiveMovementSegmentsInStableOrder","1","1","优化任务/执行记录/11-completion-final-editmode-results.xml","Exact name execution only; not full-task acceptance"
"06-LogicGrid与移动段.md","MoveSegmentsUsePlanResolvedBaseStepTicksWithoutRecalculation","1","1","优化任务/执行记录/11-completion-final-editmode-results.xml","Exact name execution only; not full-task acceptance"
"06-LogicGrid与移动段.md","WeightTwoSegmentTakesTwiceWeightOneSegmentTicks","1","1","优化任务/执行记录/11-completion-final-editmode-results.xml","Exact name execution only; not full-task acceptance"
"06-LogicGrid与移动段.md","MoveEndTickAndBudgetUsePathWeightNotEdgeCount","1","1","优化任务/执行记录/11-completion-final-editmode-results.xml","Exact name execution only; not full-task acceptance"
"06-LogicGrid与移动段.md","MoveTimingOverflowRejectsWholeCandidateWithoutClamp","1","1","优化任务/执行记录/11-completion-final-editmode-results.xml","Exact name execution only; not full-task acceptance"
"06-LogicGrid与移动段.md","NewMoveTimingDoesNotApplyLegacyPointTwoToFourSecondEdgeClamp","1","1","优化任务/执行记录/11-completion-final-editmode-results.xml","Exact name execution only; not full-task acceptance"
"06-LogicGrid与移动段.md","EditableMoveChainRecomputesPathCountFromProjectedPredecessorPosition","1","1","优化任务/执行记录/11-completion-final-editmode-results.xml","Exact name execution only; not full-task acceptance"
"06-LogicGrid与移动段.md","EditableMoveReorderAtomicallyReplacesSegmentsAndReservations","1","1","优化任务/执行记录/11-completion-final-editmode-results.xml","Exact name execution only; not full-task acceptance"
"06-LogicGrid与移动段.md","FailedEditableDependencyRecalculationRollsBackWholeScheduleBatch","1","1","优化任务/执行记录/11-completion-final-editmode-results.xml","Exact name execution only; not full-task acceptance"
"06-LogicGrid与移动段.md","TimedReservationBlockerExposesFiniteReleaseTick","1","1","优化任务/执行记录/11-completion-final-editmode-results.xml","Exact name execution only; not full-task acceptance"
"06-LogicGrid与移动段.md","StaticOrUnknownSpatialBlockerIsNotRetryable","1","1","优化任务/执行记录/11-completion-final-editmode-results.xml","Exact name execution only; not full-task acceptance"
"06-LogicGrid与移动段.md","AutoDeferralReusesMovePathAndReservationEvaluator","1","1","优化任务/执行记录/11-completion-final-editmode-results.xml","Exact name execution only; not full-task acceptance"
"06-LogicGrid与移动段.md","AutoDeferralAtomicallyReplacesEditableSegmentsAndReservations","1","1","优化任务/执行记录/11-completion-final-editmode-results.xml","Exact name execution only; not full-task acceptance"
"06-LogicGrid与移动段.md","FailedAutoDeferralLeavesNoPartialReservationReplacement","1","1","优化任务/执行记录/11-completion-final-editmode-results.xml","Exact name execution only; not full-task acceptance"
"06-LogicGrid与移动段.md","AutoDeferralCannotMoveLockedOrReactionReservation","1","1","优化任务/执行记录/11-completion-final-editmode-results.xml","Exact name execution only; not full-task acceptance"
"06-LogicGrid与移动段.md","LockedMovePathAndSegmentsCannotBeRecomputed","1","1","优化任务/执行记录/11-completion-final-editmode-results.xml","Exact name execution only; not full-task acceptance"
"06-LogicGrid与移动段.md","MoveSegmentCountMatchesLockedPlanResolvedPathEdgeCount","1","1","优化任务/执行记录/11-completion-final-editmode-results.xml","Exact name execution only; not full-task acceptance"
"06-LogicGrid与移动段.md","MoveSegmentWeightSumMatchesLockedPlanResolvedPathWeightUnits","1","1","优化任务/执行记录/11-completion-final-editmode-results.xml","Exact name execution only; not full-task acceptance"
"06-LogicGrid与移动段.md","DodgeDestinationIsReservedForDerivedTriggerTick","1","1","优化任务/执行记录/11-completion-final-editmode-results.xml","Exact name execution only; not full-task acceptance"
"06-LogicGrid与移动段.md","DodgeCommitsDestinationAtomicallyBeforeContactRecheck","1","1","优化任务/执行记录/11-completion-final-editmode-results.xml","Exact name execution only; not full-task acceptance"
"06-LogicGrid与移动段.md","DodgeRelocationAndDependentMoveCleanupCommitAtomically","1","1","优化任务/执行记录/11-completion-final-editmode-results.xml","Exact name execution only; not full-task acceptance"
"06-LogicGrid与移动段.md","DodgeCommitFailureLeavesDependentMovesReservationsAndBudgetsUnchanged","1","1","优化任务/执行记录/11-completion-final-editmode-results.xml","Exact name execution only; not full-task acceptance"
"06-LogicGrid与移动段.md","CancelledDodgePreservesFutureMovementChain","1","1","优化任务/执行记录/11-completion-final-editmode-results.xml","Exact name execution only; not full-task acceptance"
"06-LogicGrid与移动段.md","DodgeWithoutPositionChangeDoesNotInvalidateMoves","1","1","优化任务/执行记录/11-completion-final-editmode-results.xml","Exact name execution only; not full-task acceptance"
"06-LogicGrid与移动段.md","DodgeDependencyPreviewIsReadOnlyAndUsesCommitDependencyQuery","1","1","优化任务/执行记录/11-completion-final-editmode-results.xml","Exact name execution only; not full-task acceptance"
"06-LogicGrid与移动段.md","DodgeDoesNotCreateContinuousMovementOrInvulnerability","1","1","优化任务/执行记录/11-completion-final-editmode-results.xml","Exact name execution only; not full-task acceptance"
"06-LogicGrid与移动段.md","SourceThreatCancellationReleasesDodgeDestinationReservation","1","1","优化任务/执行记录/11-completion-final-editmode-results.xml","Exact name execution only; not full-task acceptance"
"06-LogicGrid与移动段.md","DodgeDestinationConflictFollowsCanonicalCommandOrder","1","1","优化任务/执行记录/11-completion-final-editmode-results.xml","Exact name execution only; not full-task acceptance"
"06-LogicGrid与移动段.md","InvalidDodgeDestinationTerminatesReactionWithoutMovingUnit","1","1","优化任务/执行记录/11-completion-final-editmode-results.xml","Exact name execution only; not full-task acceptance"
"06-LogicGrid与移动段.md","AreaAttackCanStillHitCommittedDodgeDestination","1","1","优化任务/执行记录/11-completion-final-editmode-results.xml","Exact name execution only; not full-task acceptance"
"06-LogicGrid与移动段.md","BatchRelocationValidatesAllSourcesBeforeMutation","1","1","优化任务/执行记录/11-completion-final-editmode-results.xml","Exact name execution only; not full-task acceptance"
"06-LogicGrid与移动段.md","BatchRelocationValidatesWholeMultiCellFootprint","1","1","优化任务/执行记录/11-completion-final-editmode-results.xml","Exact name execution only; not full-task acceptance"
"06-LogicGrid与移动段.md","BatchRelocationRemovesAllOldFootprintsBeforeAddingNewFootprints","1","1","优化任务/执行记录/11-completion-final-editmode-results.xml","Exact name execution only; not full-task acceptance"
"06-LogicGrid与移动段.md","BatchRelocationRejectsOverlapWithStationaryOccupancy","1","1","优化任务/执行记录/11-completion-final-editmode-results.xml","Exact name execution only; not full-task acceptance"
"06-LogicGrid与移动段.md","BatchRelocationFailureLeavesGridUnchanged","1","1","优化任务/执行记录/11-completion-final-editmode-results.xml","Exact name execution only; not full-task acceptance"
"06-LogicGrid与移动段.md","BatchRelocationRequiresPreemptedReservationsToBeCleared","1","1","优化任务/执行记录/11-completion-final-editmode-results.xml","Exact name execution only; not full-task acceptance"
"06-LogicGrid与移动段.md","BatchRelocationDoesNotUsePathfinderSegmentsOrReservationArbitration","1","1","优化任务/执行记录/11-completion-final-editmode-results.xml","Exact name execution only; not full-task acceptance"
"06-LogicGrid与移动段.md","LogicGridMovementAndReservationShadowProfileHasNoUnclassifiedDifference","1","1","优化任务/执行记录/11-completion-final-playmode-results.xml","Exact name execution only; not full-task acceptance"
"07-TurnWindow与提交权限.md","DodgeMoveInvalidationReleasesReservedToEachOriginalWindowExactlyOnce","1","1","优化任务/执行记录/11-completion-final-editmode-results.xml","Exact name execution only; not full-task acceptance"
"07-TurnWindow与提交权限.md","DodgeMoveInvalidationDoesNotReopenClosedWindowOrTransferBudget","1","1","优化任务/执行记录/11-completion-final-editmode-results.xml","Exact name execution only; not full-task acceptance"
"07-TurnWindow与提交权限.md","DodgeRelocationFailureDoesNotReleaseFutureMoveBudget","1","1","优化任务/执行记录/11-completion-final-editmode-results.xml","Exact name execution only; not full-task acceptance"
"07-TurnWindow与提交权限.md","EditablePlanReservesBudgetWithoutSpendingIt","2","2","优化任务/执行记录/11-completion-final-editmode-results.xml","Exact name execution only; not full-task acceptance"
"07-TurnWindow与提交权限.md","StartableCommitConvertsReservedBudgetToSpentExactlyOnce","1","1","优化任务/执行记录/11-completion-final-editmode-results.xml","Exact name execution only; not full-task acceptance"
"07-TurnWindow与提交权限.md","StartableCommitAtomicallyIncludesSpentLockedAndRunning","1","1","优化任务/执行记录/11-completion-final-editmode-results.xml","Exact name execution only; not full-task acceptance"
"07-TurnWindow与提交权限.md","FailedStartableCommitLeavesBudgetReservedAndRaisesInvariant","1","1","优化任务/执行记录/11-completion-final-editmode-results.xml","Exact name execution only; not full-task acceptance"
"07-TurnWindow与提交权限.md","SystemAutoDeferralKeepsBudgetReserved","1","1","优化任务/执行记录/11-completion-final-editmode-results.xml","Exact name execution only; not full-task acceptance"
"07-TurnWindow与提交权限.md","SystemAutoDeferralAdjustsBudgetWithScheduleAndReservationAtomically","1","1","优化任务/执行记录/11-completion-final-editmode-results.xml","Exact name execution only; not full-task acceptance"
"07-TurnWindow与提交权限.md","AutoDeferralCannotIncreaseCostFromClosedSourceWindow","1","1","优化任务/执行记录/11-completion-final-editmode-results.xml","Exact name execution only; not full-task acceptance"
"07-TurnWindow与提交权限.md","FailedAutoDeferralTerminalReleasesReservationExactlyOnce","1","1","优化任务/执行记录/11-completion-final-editmode-results.xml","Exact name execution only; not full-task acceptance"
"07-TurnWindow与提交权限.md","SystemAutoDeferralDoesNotReopenClosedWindow","1","1","优化任务/执行记录/11-completion-final-editmode-results.xml","Exact name execution only; not full-task acceptance"
"07-TurnWindow与提交权限.md","RejectedCommandDoesNotReserveOrSpendBudget","1","1","优化任务/执行记录/11-completion-final-editmode-results.xml","Exact name execution only; not full-task acceptance"
"07-TurnWindow与提交权限.md","ScheduleEditFailureRollsBackBudgetLanePlanAndReservation","1","1","优化任务/执行记录/11-completion-final-editmode-results.xml","Exact name execution only; not full-task acceptance"
"07-TurnWindow与提交权限.md","RemovingEditablePlanReleasesUnspentBudgetReservation","1","1","优化任务/执行记录/11-completion-final-editmode-results.xml","Exact name execution only; not full-task acceptance"
"07-TurnWindow与提交权限.md","PreLockTerminalReleasesUnspentBudgetReservation","1","1","优化任务/执行记录/11-completion-final-editmode-results.xml","Exact name execution only; not full-task acceptance"
"07-TurnWindow与提交权限.md","LockedOrRunningTerminalDoesNotRefundSpentBudget","1","1","优化任务/执行记录/11-completion-final-editmode-results.xml","Exact name execution only; not full-task acceptance"
"07-TurnWindow与提交权限.md","ClosedWindowLedgerPersistsUntilEditableReservationsSettle","1","1","优化任务/执行记录/11-completion-final-editmode-results.xml","Exact name execution only; not full-task acceptance"
"07-TurnWindow与提交权限.md","ReleasingClosedWindowReservationDoesNotReopenSubmissions","1","1","优化任务/执行记录/11-completion-final-editmode-results.xml","Exact name execution only; not full-task acceptance"
"07-TurnWindow与提交权限.md","EditableMoveCostDeltaAdjustsReservationAtomically","1","1","优化任务/执行记录/11-completion-final-editmode-results.xml","Exact name execution only; not full-task acceptance"
"07-TurnWindow与提交权限.md","MoveBudgetUsesPathWeightUnitsInsteadOfEdgeCount","1","1","优化任务/执行记录/11-completion-final-editmode-results.xml","Exact name execution only; not full-task acceptance"
"07-TurnWindow与提交权限.md","CostIncreaseRequiresValidOpenWindowAndAuthority","1","1","优化任务/执行记录/11-completion-final-editmode-results.xml","Exact name execution only; not full-task acceptance"
"07-TurnWindow与提交权限.md","CostIncreaseCannotTransferPlanBudgetToAnotherWindow","1","1","优化任务/执行记录/11-completion-final-editmode-results.xml","Exact name execution only; not full-task acceptance"
"07-TurnWindow与提交权限.md","BudgetNeverBecomesNegative","1","1","优化任务/执行记录/11-completion-final-editmode-results.xml","Exact name execution only; not full-task acceptance"
"07-TurnWindow与提交权限.md","CloseRequestRejectsLaterCommandsInSameTick","1","1","优化任务/执行记录/11-completion-final-editmode-results.xml","Exact name execution only; not full-task acceptance"
"07-TurnWindow与提交权限.md","NextWindowOpensNoEarlierThanNextTick","1","1","优化任务/执行记录/11-completion-final-editmode-results.xml","Exact name execution only; not full-task acceptance"
"07-TurnWindow与提交权限.md","ScheduledWindowOwnerDiesBeforeOpenDoesNotOpenWindow","1","1","优化任务/执行记录/11-completion-final-editmode-results.xml","Exact name execution only; not full-task acceptance"
"07-TurnWindow与提交权限.md","WindowSwitchDoesNotMutatePlanLaneIntentOrReservation","1","1","优化任务/执行记录/11-completion-final-editmode-results.xml","Exact name execution only; not full-task acceptance"
"07-TurnWindow与提交权限.md","PlanFromWindowAStartsAndEndsDuringLaterWindows","1","1","优化任务/执行记录/11-completion-final-editmode-results.xml","Exact name execution only; not full-task acceptance"
"07-TurnWindow与提交权限.md","ConcurrentAuthorityEndsWithWindowButScheduledPlanSurvives","1","1","优化任务/执行记录/11-completion-final-editmode-results.xml","Exact name execution only; not full-task acceptance"
"07-TurnWindow与提交权限.md","ConcurrentActivationRejectsStaleWindow","1","1","优化任务/执行记录/11-completion-final-editmode-results.xml","Exact name execution only; not full-task acceptance"
"07-TurnWindow与提交权限.md","IssuerCannotActivateForUncontrolledUnit","1","1","优化任务/执行记录/11-completion-final-editmode-results.xml","Exact name execution only; not full-task acceptance"
"07-TurnWindow与提交权限.md","ConcurrentActivationRejectsControlledNonHeroUnit","1","1","优化任务/执行记录/11-completion-final-editmode-results.xml","Exact name execution only; not full-task acceptance"
"07-TurnWindow与提交权限.md","ConcurrentCostComesFromAbilityDefinition","1","1","优化任务/执行记录/11-completion-final-editmode-results.xml","Exact name execution only; not full-task acceptance"
"07-TurnWindow与提交权限.md","RejectedConcurrentActivationDoesNotSpendMetaResource","1","1","优化任务/执行记录/11-completion-final-editmode-results.xml","Exact name execution only; not full-task acceptance"
"07-TurnWindow与提交权限.md","ConcurrentAuthorityCannotSubmitBlockOrDodge","1","1","优化任务/执行记录/11-completion-final-editmode-results.xml","Exact name execution only; not full-task acceptance"
"07-TurnWindow与提交权限.md","ReactionAcceptanceDoesNotRequireWindowOrConcurrentAuthority","1","1","优化任务/执行记录/11-completion-final-editmode-results.xml","Exact name execution only; not full-task acceptance"
"07-TurnWindow与提交权限.md","AdrenalinePersistsAcrossOtherUnitsWindowsAndOwnWindowClose","1","1","优化任务/执行记录/11-completion-final-editmode-results.xml","Exact name execution only; not full-task acceptance"
"07-TurnWindow与提交权限.md","OwnersNextWindowOpenClearsAvailableAdrenalineBeforeCommands","1","1","优化任务/执行记录/11-completion-final-editmode-results.xml","Exact name execution only; not full-task acceptance"
"07-TurnWindow与提交权限.md","ReactionAcceptanceReservesAdrenalineExactlyOnce","1","1","优化任务/执行记录/11-completion-final-editmode-results.xml","Exact name execution only; not full-task acceptance"
"07-TurnWindow与提交权限.md","ReactionTriggerConsumesReservationExactlyOnce","1","1","优化任务/执行记录/11-completion-final-editmode-results.xml","Exact name execution only; not full-task acceptance"
"07-TurnWindow与提交权限.md","SourceThreatCancellationRefundsOnlyCurrentCycleReservation","1","1","优化任务/执行记录/11-completion-final-editmode-results.xml","Exact name execution only; not full-task acceptance"
"07-TurnWindow与提交权限.md","OldCycleReservationSurvivesToTriggerButCannotRefundIntoNewCycle","1","1","优化任务/执行记录/11-completion-final-editmode-results.xml","Exact name execution only; not full-task acceptance"
"07-TurnWindow与提交权限.md","InterruptedOrInvalidReactionDoesNotRefundAdrenaline","1","1","优化任务/执行记录/11-completion-final-editmode-results.xml","Exact name execution only; not full-task acceptance"
"07-TurnWindow与提交权限.md","SuccessfulDodgeRewardIsLowerThanCostAndCannotSelfLoop","1","1","优化任务/执行记录/11-completion-final-editmode-results.xml","Exact name execution only; not full-task acceptance"
"07-TurnWindow与提交权限.md","SuccessfulBlockRewardIsLowerThanCostAndCannotSelfLoop","1","1","优化任务/执行记录/11-completion-final-editmode-results.xml","Exact name execution only; not full-task acceptance"
"07-TurnWindow与提交权限.md","AdrenalineDamageGainAggregatesOncePerUnitPerTick","1","1","优化任务/执行记录/11-completion-final-editmode-results.xml","Exact name execution only; not full-task acceptance"
"07-TurnWindow与提交权限.md","AdrenalineOutcomeRewardOccursOncePerPlanOrConflictGroup","1","1","优化任务/执行记录/11-completion-final-editmode-results.xml","Exact name execution only; not full-task acceptance"
"07-TurnWindow与提交权限.md","AvailableAdrenalineIsCappedWithoutChangingReservations","1","1","优化任务/执行记录/11-completion-final-editmode-results.xml","Exact name execution only; not full-task acceptance"
"07-TurnWindow与提交权限.md","AllLockedPlanTerminalReasonsPreserveSpentBudget","1","1","优化任务/执行记录/11-completion-final-editmode-results.xml","Exact name execution only; not full-task acceptance"
"07-TurnWindow与提交权限.md","ForcedDisplacementDoesNotRefundSpentMoveBudget","1","1","优化任务/执行记录/11-completion-final-editmode-results.xml","Exact name execution only; not full-task acceptance"
"07-TurnWindow与提交权限.md","ForcedDisplacementReleasesOnlyUnconsumedEditableReservation","1","1","优化任务/执行记录/11-completion-final-editmode-results.xml","Exact name execution only; not full-task acceptance"
"07-TurnWindow与提交权限.md","ForcedDisplacementReservationReleaseDoesNotReopenOrTransferWindowBudget","1","1","优化任务/执行记录/11-completion-final-editmode-results.xml","Exact name execution only; not full-task acceptance"
"07-TurnWindow与提交权限.md","RepeatedEditableTerminalCleanupCannotReleaseReservationTwice","1","1","优化任务/执行记录/11-completion-final-editmode-results.xml","Exact name execution only; not full-task acceptance"
"07-TurnWindow与提交权限.md","RepeatedLockedTerminalCleanupCannotInvokeBudgetRollback","1","1","优化任务/执行记录/11-completion-final-editmode-results.xml","Exact name execution only; not full-task acceptance"
"07-TurnWindow与提交权限.md","BattleEndClosesWindowRevokesAuthorityAndClearsFutureScheduleWithoutRefund","1","1","优化任务/执行记录/11-completion-final-editmode-results.xml","Exact name execution only; not full-task acceptance"
"07-TurnWindow与提交权限.md","TurnWindowBudgetAndAuthorityShadowProfileHasNoUnclassifiedDifference","1","1","优化任务/执行记录/11-completion-final-playmode-results.xml","Exact name execution only; not full-task acceptance"
"08-多方仲裁与伤害.md","DodgeRelocationInvalidatesDependentMovesBeforeContactGraphBuild","1","1","优化任务/执行记录/11-completion-final-editmode-results.xml","Exact name execution only; not full-task acceptance"
"08-多方仲裁与伤害.md","DodgeStillHitByAreaAttackInvalidatesOldOriginMovesWithoutSuccessReward","1","1","优化任务/执行记录/11-completion-final-editmode-results.xml","Exact name execution only; not full-task acceptance"
"08-多方仲裁与伤害.md","LegacyHeadOnPairKeepsScalarSubtractionAndTerminatesBothPlans","1","1","优化任务/执行记录/11-completion-final-editmode-results.xml","Exact name execution only; not full-task acceptance"
"08-多方仲裁与伤害.md","AttackIntentExistsOnlyAtImpactTick","1","1","优化任务/执行记录/11-completion-final-editmode-results.xml","Exact name execution only; not full-task acceptance"
"08-多方仲裁与伤害.md","AttackAreaUsesCanonicalPreExpandedPatternForEveryDirection","1","1","优化任务/执行记录/11-completion-final-editmode-results.xml","Exact name execution only; not full-task acceptance"
"08-多方仲裁与伤害.md","AttackAreaOnlyIndexesAndTranslatesIntegerPoints","1","1","优化任务/执行记录/11-completion-final-editmode-results.xml","Exact name execution only; not full-task acceptance"
"08-多方仲裁与伤害.md","ArbitrationHasNoLegacyPatternRotationDependency","1","1","优化任务/执行记录/11-completion-final-editmode-results.xml","Exact name execution only; not full-task acceptance"
"08-多方仲裁与伤害.md","AttackImpactTickEntersRecoveryAndStillArbitrates","1","1","优化任务/执行记录/11-completion-final-editmode-results.xml","Exact name execution only; not full-task acceptance"
"08-多方仲裁与伤害.md","PreImpactTerminationProducesNoAttackContact","1","1","优化任务/执行记录/11-completion-final-editmode-results.xml","Exact name execution only; not full-task acceptance"
"08-多方仲裁与伤害.md","ImpactTickClashTerminatesAfterIntentParticipates","1","1","优化任务/执行记录/11-completion-final-editmode-results.xml","Exact name execution only; not full-task acceptance"
"08-多方仲裁与伤害.md","TerminalResolutionDoesNotRetroactivelyRemoveFrozenCurrentTickIntent","1","1","优化任务/执行记录/11-completion-final-editmode-results.xml","Exact name execution only; not full-task acceptance"
"08-多方仲裁与伤害.md","DirectionAndOppositionTablesMatchCanonicalQ10Values","1","1","优化任务/执行记录/11-completion-final-editmode-results.xml","Exact name execution only; not full-task acceptance"
"08-多方仲裁与伤害.md","LargeMomentumAndConflictGroupCannotOverflowOrWrap","1","1","优化任务/执行记录/11-completion-final-editmode-results.xml","Exact name execution only; not full-task acceptance"
"08-多方仲裁与伤害.md","MomentumQuantizationOccursOnceBeforeArbitration","1","1","优化任务/执行记录/11-completion-final-editmode-results.xml","Exact name execution only; not full-task acceptance"
"08-多方仲裁与伤害.md","MomentumQuantizationMatchesLegacyImpactProfileScaleAndHalfUp","1","1","优化任务/执行记录/11-completion-final-editmode-results.xml","Exact name execution only; not full-task acceptance"
"08-多方仲裁与伤害.md","NormalAndResidualDamageUseFrozenDivisors","1","1","优化任务/执行记录/11-completion-final-editmode-results.xml","Exact name execution only; not full-task acceptance"
"08-多方仲裁与伤害.md","DamageChannelDoesNotChangeMomentumProfileAndViceVersa","1","1","优化任务/执行记录/11-completion-final-editmode-results.xml","Exact name execution only; not full-task acceptance"
"08-多方仲裁与伤害.md","PassiveAndActionResistanceMultiplyInDeclaredOrder","1","1","优化任务/执行记录/11-completion-final-editmode-results.xml","Exact name execution only; not full-task acceptance"
"08-多方仲裁与伤害.md","TrueDamageBypassesPassiveGuardAndBlockResistance","1","1","优化任务/执行记录/11-completion-final-editmode-results.xml","Exact name execution only; not full-task acceptance"
"08-多方仲裁与伤害.md","DamageAggregationUsesContactThenChannelCanonicalOrder","1","1","优化任务/执行记录/11-completion-final-editmode-results.xml","Exact name execution only; not full-task acceptance"
"08-多方仲裁与伤害.md","ControlThresholdsAndKnockbackUseQuantizedResistance","1","1","优化任务/执行记录/11-completion-final-editmode-results.xml","Exact name execution only; not full-task acceptance"
"08-多方仲裁与伤害.md","ConflictGroupLimitsFailWithStableReasonCodes","1","1","优化任务/执行记录/11-completion-final-editmode-results.xml","Exact name execution only; not full-task acceptance"
"08-多方仲裁与伤害.md","ConflictGroupsAreIndependentOfNodeAndEdgeInsertionOrder","1","1","优化任务/执行记录/11-completion-final-editmode-results.xml","Exact name execution only; not full-task acceptance"
"08-多方仲裁与伤害.md","ThreeWayClashUsesAllOriginalMomentaSimultaneously","1","1","优化任务/执行记录/11-completion-final-editmode-results.xml","Exact name execution only; not full-task acceptance"
"08-多方仲裁与伤害.md","ClashResidualMomentumIsDistributedWithoutLossOrDuplication","1","1","优化任务/执行记录/11-completion-final-editmode-results.xml","Exact name execution only; not full-task acceptance"
"08-多方仲裁与伤害.md","ClashingAttackCannotAlsoHitUnrelatedAoeTarget","1","1","优化任务/执行记录/11-completion-final-editmode-results.xml","Exact name execution only; not full-task acceptance"
"08-多方仲裁与伤害.md","ThreeWayAttackResultIsIndependentOfAllIntentPermutations","1","1","优化任务/执行记录/11-completion-final-editmode-results.xml","Exact name execution only; not full-task acceptance"
"08-多方仲裁与伤害.md","TwoAttackersFlankingOneTargetBothDealDamage","1","1","优化任务/执行记录/11-completion-final-editmode-results.xml","Exact name execution only; not full-task acceptance"
"08-多方仲裁与伤害.md","EqualOppositeImpulsesCancelKnockbackButNotDamageOrImpact","1","1","优化任务/执行记录/11-completion-final-editmode-results.xml","Exact name execution only; not full-task acceptance"
"08-多方仲裁与伤害.md","DodgeInvalidatesOnlyDodgeableContactsMissingCommittedDestination","1","1","优化任务/执行记录/11-completion-final-editmode-results.xml","Exact name execution only; not full-task acceptance"
"08-多方仲裁与伤害.md","DodgeStillGetsHitWhenAttackCoversCommittedDestination","1","1","优化任务/执行记录/11-completion-final-editmode-results.xml","Exact name execution only; not full-task acceptance"
"08-多方仲裁与伤害.md","UndodgeableRetainsPreDodgeContactOutsideNewArea","1","1","优化任务/执行记录/11-completion-final-editmode-results.xml","Exact name execution only; not full-task acceptance"
"08-多方仲裁与伤害.md","UndodgeableDoesNotTrackTargetsAbsentFromBothContactSets","1","1","优化任务/执行记录/11-completion-final-editmode-results.xml","Exact name execution only; not full-task acceptance"
"08-多方仲裁与伤害.md","OrdinaryMoveOutsideAreaBeforeDodgeDoesNotCreateTrackingContact","1","1","优化任务/执行记录/11-completion-final-editmode-results.xml","Exact name execution only; not full-task acceptance"
"08-多方仲裁与伤害.md","DodgeIntoAnotherAttackAreaCreatesNewContact","1","1","优化任务/执行记录/11-completion-final-editmode-results.xml","Exact name execution only; not full-task acceptance"
"08-多方仲裁与伤害.md","OldAndNewContactForSameAttackAndTargetResolvesOnce","1","1","优化任务/执行记录/11-completion-final-editmode-results.xml","Exact name execution only; not full-task acceptance"
"08-多方仲裁与伤害.md","AllDodgesUseSamePreCommitContactSnapshot","1","1","优化任务/执行记录/11-completion-final-editmode-results.xml","Exact name execution only; not full-task acceptance"
"08-多方仲裁与伤害.md","RetainedUndodgeableContactStillObeysClashAndResistanceRules","1","1","优化任务/执行记录/11-completion-final-editmode-results.xml","Exact name execution only; not full-task acceptance"
"08-多方仲裁与伤害.md","DodgeCommitEmitsOneTriggerEvenWithoutSuccessfulAvoidance","1","1","优化任务/执行记录/11-completion-final-editmode-results.xml","Exact name execution only; not full-task acceptance"
"08-多方仲裁与伤害.md","FailedDodgeCommitEmitsResolutionButNoTriggerOrReward","1","1","优化任务/执行记录/11-completion-final-editmode-results.xml","Exact name execution only; not full-task acceptance"
"08-多方仲裁与伤害.md","DodgeWithoutContactsEmitsOneResolutionWithNullGroup","1","1","优化任务/执行记录/11-completion-final-editmode-results.xml","Exact name execution only; not full-task acceptance"
"08-多方仲裁与伤害.md","DodgeCancelledBeforeTriggerDoesNotEmitTriggerOrResolution","1","1","优化任务/执行记录/11-completion-final-editmode-results.xml","Exact name execution only; not full-task acceptance"
"08-多方仲裁与伤害.md","DodgeContactSetsEventsAndRewardsArePermutationInvariant","1","1","优化任务/执行记录/11-completion-final-editmode-results.xml","Exact name execution only; not full-task acceptance"
"08-多方仲裁与伤害.md","DodgingStateWithoutTriggerCommitProvidesNoAvoidance","1","1","优化任务/执行记录/11-completion-final-editmode-results.xml","Exact name execution only; not full-task acceptance"
"08-多方仲裁与伤害.md","DodgeAgainstMultipleAttacksGrantsOneStableCounterWindow","2","2","优化任务/执行记录/11-completion-final-editmode-results.xml","Exact name execution only; not full-task acceptance"
"08-多方仲裁与伤害.md","BlockZeroesAllEligibleDamageAndMomentumOnTriggerTick","1","1","优化任务/执行记录/11-completion-final-editmode-results.xml","Exact name execution only; not full-task acceptance"
"08-多方仲裁与伤害.md","BlockHandlesAllSameTickEligibleContactsIndependentOfOrder","1","1","优化任务/执行记录/11-completion-final-editmode-results.xml","Exact name execution only; not full-task acceptance"
"08-多方仲裁与伤害.md","PartiallyBlockedContactKeepsBypassComponents","1","1","优化任务/执行记录/11-completion-final-editmode-results.xml","Exact name execution only; not full-task acceptance"
"08-多方仲裁与伤害.md","FullyUnblockableContactIsIneffectiveHitAndDoesNotRewardBlock","1","1","优化任务/执行记录/11-completion-final-editmode-results.xml","Exact name execution only; not full-task acceptance"
"08-多方仲裁与伤害.md","BlockingStateOutsideTriggerTickProvidesNoResistance","1","1","优化任务/执行记录/11-completion-final-editmode-results.xml","Exact name execution only; not full-task acceptance"
"08-多方仲裁与伤害.md","GuardPartiallyReducesEligibleDamageAndMomentumOnlyWhileActive","1","1","优化任务/执行记录/11-completion-final-editmode-results.xml","Exact name execution only; not full-task acceptance"
"08-多方仲裁与伤害.md","GuardDoesNotInvalidateContact","1","1","优化任务/执行记录/11-completion-final-editmode-results.xml","Exact name execution only; not full-task acceptance"
"08-多方仲裁与伤害.md","BlockedAoeTargetDoesNotProtectOtherTargets","1","1","优化任务/执行记录/11-completion-final-editmode-results.xml","Exact name execution only; not full-task acceptance"
"08-多方仲裁与伤害.md","DodgedAoeTargetDoesNotProtectOtherTargets","1","1","优化任务/执行记录/11-completion-final-editmode-results.xml","Exact name execution only; not full-task acceptance"
"08-多方仲裁与伤害.md","BlockOrDodgeDoesNotTerminateAttackingPlan","2","2","优化任务/执行记录/11-completion-final-editmode-results.xml","Exact name execution only; not full-task acceptance"
"08-多方仲裁与伤害.md","DefenseEffectsComeFromPlanTickAndPayloadNotStateEligibility","1","1","优化任务/执行记录/11-completion-final-editmode-results.xml","Exact name execution only; not full-task acceptance"
"08-多方仲裁与伤害.md","DirectHitEligibilityIsCheckedOnlyAfterSpecialInteractionStages","1","1","优化任务/执行记录/11-completion-final-editmode-results.xml","Exact name execution only; not full-task acceptance"
"08-多方仲裁与伤害.md","AreaAttackKeepsHitsOnTargetsThatDidNotBlockOrDodge","1","1","优化任务/执行记录/11-completion-final-editmode-results.xml","Exact name execution only; not full-task acceptance"
"08-多方仲裁与伤害.md","HostileOnlyAreaAttackExcludesSelfAlliedAndNeutralUnits","1","1","优化任务/执行记录/11-completion-final-editmode-results.xml","Exact name execution only; not full-task acceptance"
"08-多方仲裁与伤害.md","ExplicitFriendlyFireMaskIncludesAlliedButNotNeutralTargets","1","1","优化任务/执行记录/11-completion-final-editmode-results.xml","Exact name execution only; not full-task acceptance"
"08-多方仲裁与伤害.md","NeutralTargetRequiresExplicitNeutralRelationBit","1","1","优化任务/执行记录/11-completion-final-editmode-results.xml","Exact name execution only; not full-task acceptance"
"08-多方仲裁与伤害.md","PrimaryAndAreaPoliciesUseSameFactionRelationResolver","1","1","优化任务/执行记录/11-completion-final-editmode-results.xml","Exact name execution only; not full-task acceptance"
"08-多方仲裁与伤害.md","ControllerChangesDoNotChangeAttackContactCandidates","1","1","优化任务/执行记录/11-completion-final-editmode-results.xml","Exact name execution only; not full-task acceptance"
"08-多方仲裁与伤害.md","AttackAttackClashDoesNotInferEligibilityFromControllerKind","1","1","优化任务/执行记录/11-completion-final-editmode-results.xml","Exact name execution only; not full-task acceptance"
"08-多方仲裁与伤害.md","ResolveAllDoesNotMutateWorldBeforeCommit","1","1","优化任务/执行记录/11-completion-final-editmode-results.xml","Exact name execution only; not full-task acceptance"
"08-多方仲裁与伤害.md","TargetDamageAndImpulseCommitOnceInStableOrder","1","1","优化任务/执行记录/11-completion-final-editmode-results.xml","Exact name execution only; not full-task acceptance"
"08-多方仲裁与伤害.md","DuplicateForcedDisplacementRequestForUnitIsInvariantViolation","1","1","优化任务/执行记录/11-completion-final-editmode-results.xml","Exact name execution only; not full-task acceptance"
"08-多方仲裁与伤害.md","ForcedDisplacementStepUsesCanonicalDirectionDeltaNotPathWeight","1","1","优化任务/执行记录/11-completion-final-editmode-results.xml","Exact name execution only; not full-task acceptance"
"08-多方仲裁与伤害.md","ForcedDisplacementTranslatesCurrentFootprintWithoutChangingFacing","1","1","优化任务/执行记录/11-completion-final-editmode-results.xml","Exact name execution only; not full-task acceptance"
"08-多方仲裁与伤害.md","ForcedDisplacementStopsAtBoundaryOnFirstOrLaterStep","1","1","优化任务/执行记录/11-completion-final-editmode-results.xml","Exact name execution only; not full-task acceptance"
"08-多方仲裁与伤害.md","ForcedDisplacementStopsAtStaticObstacleOnFirstOrLaterStep","1","1","优化任务/执行记录/11-completion-final-editmode-results.xml","Exact name execution only; not full-task acceptance"
"08-多方仲裁与伤害.md","StationaryUnitHardBlocksForcedDisplacement","1","1","优化任务/执行记录/11-completion-final-editmode-results.xml","Exact name execution only; not full-task acceptance"
"08-多方仲裁与伤害.md","SameAnchorContentionFailsAllProposalsWithoutWinner","1","1","优化任务/执行记录/11-completion-final-editmode-results.xml","Exact name execution only; not full-task acceptance"
"08-多方仲裁与伤害.md","OverlappingMultiCellDestinationFootprintsFailAllProposals","1","1","优化任务/执行记录/11-completion-final-editmode-results.xml","Exact name execution only; not full-task acceptance"
"08-多方仲裁与伤害.md","TwoUnitSwapStopsBothAsDependencyCycle","1","1","优化任务/执行记录/11-completion-final-editmode-results.xml","Exact name execution only; not full-task acceptance"
"08-多方仲裁与伤害.md","DependencyChainEndingInEmptyCellMovesSimultaneously","1","1","优化任务/执行记录/11-completion-final-editmode-results.xml","Exact name execution only; not full-task acceptance"
"08-多方仲裁与伤害.md","BranchingDependencyMovesOnlyWhenEveryBranchSucceeds","1","1","优化任务/执行记录/11-completion-final-editmode-results.xml","Exact name execution only; not full-task acceptance"
"08-多方仲裁与伤害.md","ThreeUnitPositionCycleStopsAllParticipants","1","1","优化任务/执行记录/11-completion-final-editmode-results.xml","Exact name execution only; not full-task acceptance"
"08-多方仲裁与伤害.md","MultiCellUnitCannotMoveWhenAnyFootprintPointIsIllegal","1","1","优化任务/执行记录/11-completion-final-editmode-results.xml","Exact name execution only; not full-task acceptance"
"08-多方仲裁与伤害.md","ForcedDisplacementDoesNotImplicitlyPushUnitWithoutOwnRequest","1","1","优化任务/执行记录/11-completion-final-editmode-results.xml","Exact name execution only; not full-task acceptance"
"08-多方仲裁与伤害.md","ForcedDisplacementKeepsSuccessfulPrefixWhenLaterStepFails","1","1","优化任务/执行记录/11-completion-final-editmode-results.xml","Exact name execution only; not full-task acceptance"
"08-多方仲裁与伤害.md","CompletedShorterDisplacementBecomesStationaryBlockerForLaterRounds","1","1","优化任务/执行记录/11-completion-final-editmode-results.xml","Exact name execution only; not full-task acceptance"
"08-多方仲裁与伤害.md","ForcedDisplacementIgnoresReservationDuringSpatialSolve","1","1","优化任务/执行记录/11-completion-final-editmode-results.xml","Exact name execution only; not full-task acceptance"
"08-多方仲裁与伤害.md","OnlyFinalFootprintReservationConflictsArePreempted","1","1","优化任务/执行记录/11-completion-final-editmode-results.xml","Exact name execution only; not full-task acceptance"
"08-多方仲裁与伤害.md","ReservationPreemptionTerminatesPlansInActionPlanIdOrder","1","1","优化任务/执行记录/11-completion-final-editmode-results.xml","Exact name execution only; not full-task acceptance"
"08-多方仲裁与伤害.md","ReservationPreemptionReleasesAllFutureSegmentsAndReservations","1","1","优化任务/执行记录/11-completion-final-editmode-results.xml","Exact name execution only; not full-task acceptance"
"08-多方仲裁与伤害.md","DisplacedUnitsOldOriginMovePlansTerminateAsMovementOriginInvalidated","1","1","优化任务/执行记录/11-completion-final-editmode-results.xml","Exact name execution only; not full-task acceptance"
"08-多方仲裁与伤害.md","MovementOriginInvalidatedWinsWhenSamePlanAlsoOwnsConflictingReservation","1","1","优化任务/执行记录/11-completion-final-editmode-results.xml","Exact name execution only; not full-task acceptance"
"08-多方仲裁与伤害.md","ForcedDisplacementPlanInvalidationPrecedesLaterInterceptTerminalRequest","1","1","优化任务/执行记录/11-completion-final-editmode-results.xml","Exact name execution only; not full-task acceptance"
"08-多方仲裁与伤害.md","NonSpatialAttackGuardAndBlockPlansSurviveOwnerDisplacement","1","1","优化任务/执行记录/11-completion-final-editmode-results.xml","Exact name execution only; not full-task acceptance"
"08-多方仲裁与伤害.md","ConflictingDodgeDestinationReservationIsPreemptedButPassThroughIsNot","1","1","优化任务/执行记录/11-completion-final-editmode-results.xml","Exact name execution only; not full-task acceptance"
"08-多方仲裁与伤害.md","ForcedDisplacementBatchCommitsBeforeEventsStateControlAndDeath","1","1","优化任务/执行记录/11-completion-final-editmode-results.xml","Exact name execution only; not full-task acceptance"
"08-多方仲裁与伤害.md","ForcedDisplacementInputAndResolutionPermutationsProduceIdenticalResults","1","1","优化任务/执行记录/11-completion-final-editmode-results.xml","Exact name execution only; not full-task acceptance"
"08-多方仲裁与伤害.md","ForcedDisplacementEventContainsCanonicalStopReasonAndInvalidatedPlans","1","1","优化任务/执行记录/11-completion-final-editmode-results.xml","Exact name execution only; not full-task acceptance"
"08-多方仲裁与伤害.md","ZeroAppliedStepsStillEmitsForcedDisplacementResolutionEvent","1","1","优化任务/执行记录/11-completion-final-editmode-results.xml","Exact name execution only; not full-task acceptance"
"08-多方仲裁与伤害.md","SimultaneousLethalHitsAllowMutualDeath","1","1","优化任务/执行记录/11-completion-final-editmode-results.xml","Exact name execution only; not full-task acceptance"
"08-多方仲裁与伤害.md","LethalTargetIsDisplacedBeforeDeathRemovesFinalFootprint","1","1","优化任务/执行记录/11-completion-final-editmode-results.xml","Exact name execution only; not full-task acceptance"
"08-多方仲裁与伤害.md","PastWindowAttackInteractsWithCurrentWindowDefense","1","1","优化任务/执行记录/11-completion-final-editmode-results.xml","Exact name execution only; not full-task acceptance"
"08-多方仲裁与伤害.md","WindowAPlanHitsDuringWindowC","1","1","优化任务/执行记录/11-completion-final-editmode-results.xml","Exact name execution only; not full-task acceptance"
"08-多方仲裁与伤害.md","AttackUsesMovementSegmentInsteadOfVisualPosition","1","1","优化任务/执行记录/11-completion-final-editmode-results.xml","Exact name execution only; not full-task acceptance"
"08-多方仲裁与伤害.md","InterruptedPlanLeavesLaneGapAndDoesNotRefundBudget","1","1","优化任务/执行记录/11-completion-final-editmode-results.xml","Exact name execution only; not full-task acceptance"
"08-多方仲裁与伤害.md","ActionTerminalResolutionUsesUnifiedLifecycleEntry","1","1","优化任务/执行记录/11-completion-final-editmode-results.xml","Exact name execution only; not full-task acceptance"
"08-多方仲裁与伤害.md","ClashTerminationRemovesUnfrozenAndFutureIntents","1","1","优化任务/执行记录/11-completion-final-editmode-results.xml","Exact name execution only; not full-task acceptance"
"08-多方仲裁与伤害.md","InterceptedMovementReleasesReservationAndNeverCommitsFormerDestination","1","1","优化任务/执行记录/11-completion-final-editmode-results.xml","Exact name execution only; not full-task acceptance"
"08-多方仲裁与伤害.md","LethalHitTerminatesVictimsEditableLockedAndRunningPlans","1","1","优化任务/执行记录/11-completion-final-editmode-results.xml","Exact name execution only; not full-task acceptance"
"08-多方仲裁与伤害.md","GuardBlockOrDodgeDoesNotTerminateSourceAttackPlan","1","1","优化任务/执行记录/11-completion-final-editmode-results.xml","Exact name execution only; not full-task acceptance"
"08-多方仲裁与伤害.md","DamageEventContainsPerChannelAndMomentumBeforeAfterValues","1","1","优化任务/执行记录/11-completion-final-editmode-results.xml","Exact name execution only; not full-task acceptance"
"08-多方仲裁与伤害.md","AdrenalineAccrualUsesCommittedFinalDamageAggregatedOncePerUnit","1","1","优化任务/执行记录/11-completion-final-editmode-results.xml","Exact name execution only; not full-task acceptance"
"08-多方仲裁与伤害.md","ClashAndSuccessfulReactionAccrualKeysCannotDuplicate","1","1","优化任务/执行记录/11-completion-final-editmode-results.xml","Exact name execution only; not full-task acceptance"
"08-多方仲裁与伤害.md","FailedBlockOrDodgeProducesNoSuccessAccrualFact","1","1","优化任务/执行记录/11-completion-final-editmode-results.xml","Exact name execution only; not full-task acceptance"
"08-多方仲裁与伤害.md","ResolutionCommitLeavesNoActiveArtifactReferencingTerminalPlan","1","1","优化任务/执行记录/11-completion-final-editmode-results.xml","Exact name execution only; not full-task acceptance"
"08-多方仲裁与伤害.md","DamageEventContainsConflictGroupPlanAndUnitIds","1","1","优化任务/执行记录/11-completion-final-editmode-results.xml","Exact name execution only; not full-task acceptance"
"08-多方仲裁与伤害.md","ArbitrationDamageAndDefenseShadowProfileHasNoUnclassifiedDifference","1","1","优化任务/执行记录/11-completion-final-playmode-results.xml","Exact name execution only; not full-task acceptance"
"09-命令AI与输入.md","DeviceInputTargetsNextTick","1","1","优化任务/执行记录/11-completion-final-editmode-results.xml","Exact name execution only; not full-task acceptance"
"09-命令AI与输入.md","StepReceivesOnlyFrozenCurrentTickBatch","1","1","优化任务/执行记录/11-completion-final-editmode-results.xml","Exact name execution only; not full-task acceptance"
"09-命令AI与输入.md","LateCommandProducesStableRejection","1","1","优化任务/执行记录/11-completion-final-editmode-results.xml","Exact name execution only; not full-task acceptance"
"09-命令AI与输入.md","TickNEditTargetsNPlusOneAndRunsBeforeNPlusOneLock","1","1","优化任务/执行记录/11-completion-final-editmode-results.xml","Exact name execution only; not full-task acceptance"
"09-命令AI与输入.md","InputAfterFreezeTargetsNPlusTwoAndCannotEditNPlusOnePlan","1","1","优化任务/执行记录/11-completion-final-editmode-results.xml","Exact name execution only; not full-task acceptance"
"09-命令AI与输入.md","ScheduleEditUsesExpectedRevisionAndRejectsStaleWholeBatch","1","1","优化任务/执行记录/11-completion-final-editmode-results.xml","Exact name execution only; not full-task acceptance"
"09-命令AI与输入.md","PlayerAndAiDisjointScheduleEditsFromSameSnapshotCanBothSucceed","1","1","优化任务/执行记录/11-completion-final-editmode-results.xml","Exact name execution only; not full-task acceptance"
"09-命令AI与输入.md","LaterOverlappingScheduleEditIsRejectedByCanonicalCommandOrder","1","1","优化任务/执行记录/11-completion-final-editmode-results.xml","Exact name execution only; not full-task acceptance"
"09-命令AI与输入.md","AddOrBudgetIncreaseRequiresCurrentWindowScope","1","1","优化任务/执行记录/11-completion-final-editmode-results.xml","Exact name execution only; not full-task acceptance"
"09-命令AI与输入.md","CostNeutralMoveOrRemoveDoesNotRequireOriginWindowOpen","1","1","优化任务/执行记录/11-completion-final-editmode-results.xml","Exact name execution only; not full-task acceptance"
"09-命令AI与输入.md","ScheduleScopePayloadMismatchIsRejected","1","1","优化任务/执行记录/11-completion-final-editmode-results.xml","Exact name execution only; not full-task acceptance"
"09-命令AI与输入.md","ScheduleEditCannotTouchLockedRunningOrReactionPlan","1","1","优化任务/执行记录/11-completion-final-editmode-results.xml","Exact name execution only; not full-task acceptance"
"09-命令AI与输入.md","StaleWindowCommandCannotSpendNewWindowBudget","1","1","优化任务/执行记录/11-completion-final-editmode-results.xml","Exact name execution only; not full-task acceptance"
"09-命令AI与输入.md","ReactionCommandUsesOpportunityScopeWithoutWindowScope","1","1","优化任务/执行记录/11-completion-final-editmode-results.xml","Exact name execution only; not full-task acceptance"
"09-命令AI与输入.md","ReactionCommandCannotCarryBlockTickEvadeTickOrCost","1","1","优化任务/执行记录/11-completion-final-editmode-results.xml","Exact name execution only; not full-task acceptance"
"09-命令AI与输入.md","ScopePayloadMismatchIsRejected","1","1","优化任务/执行记录/11-completion-final-editmode-results.xml","Exact name execution only; not full-task acceptance"
"09-命令AI与输入.md","ReactionBeforeOpportunityExistsIsRejected","1","1","优化任务/执行记录/11-completion-final-editmode-results.xml","Exact name execution only; not full-task acceptance"
"09-命令AI与输入.md","ReactionAtOptionDeadlineIsAcceptedAndAfterDeadlineIsRejected","1","1","优化任务/执行记录/11-completion-final-editmode-results.xml","Exact name execution only; not full-task acceptance"
"09-命令AI与输入.md","ReactionDoesNotRequireOwnWindowOrConcurrentAuthority","1","1","优化任务/执行记录/11-completion-final-editmode-results.xml","Exact name execution only; not full-task acceptance"
"09-命令AI与输入.md","ConcurrentActivationRejectsStaleWindow","1","1","优化任务/执行记录/11-completion-final-editmode-results.xml","Exact name execution only; not full-task acceptance"
"09-命令AI与输入.md","PlayerAndAiActionsUseSameProcessor","1","1","优化任务/执行记录/11-completion-final-editmode-results.xml","Exact name execution only; not full-task acceptance"
"09-命令AI与输入.md","PlayerAndAiReactionsUseSameProcessorAndPlanner","1","1","优化任务/执行记录/11-completion-final-editmode-results.xml","Exact name execution only; not full-task acceptance"
"09-命令AI与输入.md","ProducerCannotChooseSourcePriorityOrCommandSequence","1","1","优化任务/执行记录/11-completion-final-editmode-results.xml","Exact name execution only; not full-task acceptance"
"09-命令AI与输入.md","RawRequestPermutationDoesNotChangeCommandOrder","1","1","优化任务/执行记录/11-completion-final-editmode-results.xml","Exact name execution only; not full-task acceptance"
"09-命令AI与输入.md","DuplicateProducerOrdinalRejectsEntireGroup","1","1","优化任务/执行记录/11-completion-final-editmode-results.xml","Exact name execution only; not full-task acceptance"
"09-命令AI与输入.md","ProducerOrdinalRegressionIsRejected","1","1","优化任务/执行记录/11-completion-final-editmode-results.xml","Exact name execution only; not full-task acceptance"
"09-命令AI与输入.md","CommandSequenceMatchesAcrossFreshTickZeroRuns","1","1","优化任务/执行记录/11-completion-final-editmode-results.xml","Exact name execution only; not full-task acceptance"
"09-命令AI与输入.md","PlayerCannotCommandAnotherControllersUnit","1","1","优化任务/执行记录/11-completion-final-editmode-results.xml","Exact name execution only; not full-task acceptance"
"09-命令AI与输入.md","AiCannotCommandAnotherControllersUnit","1","1","优化任务/执行记录/11-completion-final-editmode-results.xml","Exact name execution only; not full-task acceptance"
"09-命令AI与输入.md","ConcurrentCostComesFromAbilityDefinition","1","1","优化任务/执行记录/11-completion-final-editmode-results.xml","Exact name execution only; not full-task acceptance"
"09-命令AI与输入.md","AiDoesNotSchedulePlanOrCloseWindowDirectly","1","1","优化任务/执行记录/11-completion-final-editmode-results.xml","Exact name execution only; not full-task acceptance"
"09-命令AI与输入.md","AiCannotCreateOpportunityOrReactionPlanDirectly","1","1","优化任务/执行记录/11-completion-final-editmode-results.xml","Exact name execution only; not full-task acceptance"
"09-命令AI与输入.md","AiCanReactDuringAnotherUnitsWindow","1","1","优化任务/执行记录/11-completion-final-editmode-results.xml","Exact name execution only; not full-task acceptance"
"09-命令AI与输入.md","PlayerAndAiShareOneTickReactionIngressLead","1","1","优化任务/执行记录/11-completion-final-editmode-results.xml","Exact name execution only; not full-task acceptance"
"09-命令AI与输入.md","AiCannotReactToOpportunityInItsOpeningTick","1","1","优化任务/执行记录/11-completion-final-editmode-results.xml","Exact name execution only; not full-task acceptance"
"09-命令AI与输入.md","AiAndPlayerAvailabilityUsesSameActionSetRules","1","1","优化任务/执行记录/11-completion-final-editmode-results.xml","Exact name execution only; not full-task acceptance"
"09-命令AI与输入.md","AiReactionCandidatePermutationDoesNotChangeDecisionWithSameSeed","1","1","优化任务/执行记录/11-completion-final-editmode-results.xml","Exact name execution only; not full-task acceptance"
"09-命令AI与输入.md","AiCandidatePermutationDoesNotChangeDecisionWithSameSeed","1","1","优化任务/执行记录/11-completion-final-editmode-results.xml","Exact name execution only; not full-task acceptance"
"09-命令AI与输入.md","AiRuntimeStateAppearsInCanonicalSnapshot","1","1","优化任务/执行记录/11-completion-final-editmode-results.xml","Exact name execution only; not full-task acceptance"
"09-命令AI与输入.md","DecisionSnapshotDoesNotLeakOtherControllerEditablePlans","1","1","优化任务/执行记录/11-completion-final-editmode-results.xml","Exact name execution only; not full-task acceptance"
"09-命令AI与输入.md","ReplayAuthorityInputExcludesAiAndSystemRequests","1","1","优化任务/执行记录/11-completion-final-editmode-results.xml","Exact name execution only; not full-task acceptance"
"09-命令AI与输入.md","RunningPlanFromPastWindowDoesNotBlockAiWindow","1","1","优化任务/执行记录/11-completion-final-editmode-results.xml","Exact name execution only; not full-task acceptance"
"09-命令AI与输入.md","SelectionAndDragModesDoNotMutateLogic","1","1","优化任务/执行记录/11-completion-final-editmode-results.xml","Exact name execution only; not full-task acceptance"
"09-命令AI与输入.md","UncommittedDragTrajectoryIsAbsentFromReplayInput","1","1","优化任务/执行记录/11-completion-final-editmode-results.xml","Exact name execution only; not full-task acceptance"
"09-命令AI与输入.md","ConfirmedScheduleEditRecordsOnlyFinalOperations","1","1","优化任务/执行记录/11-completion-final-editmode-results.xml","Exact name execution only; not full-task acceptance"
"09-命令AI与输入.md","UiGestureCancelDoesNotMutateLogicOrReplay","1","1","优化任务/执行记录/11-completion-final-editmode-results.xml","Exact name execution only; not full-task acceptance"
"09-命令AI与输入.md","OpeningActionPanelDoesNotCreateLogicalDraftOrPauseExecution","1","1","优化任务/执行记录/11-completion-final-editmode-results.xml","Exact name execution only; not full-task acceptance"
"09-命令AI与输入.md","RemoveEditablePlanUsesCommandAndUnifiedTerminalCoordinator","1","1","优化任务/执行记录/11-completion-final-editmode-results.xml","Exact name execution only; not full-task acceptance"
"09-命令AI与输入.md","RemoveEditablePlanDoesNotPullLaterPlansLeft","1","1","优化任务/执行记录/11-completion-final-editmode-results.xml","Exact name execution only; not full-task acceptance"
"09-命令AI与输入.md","UiCannotRemoveLockedRunningOrReactionPlan","1","1","优化任务/执行记录/11-completion-final-editmode-results.xml","Exact name execution only; not full-task acceptance"
"09-命令AI与输入.md","ConcurrentActionScheduleEditUsesNormalSubmissionPath","1","1","优化任务/执行记录/11-completion-final-editmode-results.xml","Exact name execution only; not full-task acceptance"
"09-命令AI与输入.md","ConcurrentAuthorityDoesNotPermitReactionWithoutOpportunity","1","1","优化任务/执行记录/11-completion-final-editmode-results.xml","Exact name execution only; not full-task acceptance"
"09-命令AI与输入.md","PrimaryTargetOnlyCommandRequiresStableTargetUnitId","1","1","优化任务/执行记录/11-completion-final-editmode-results.xml","Exact name execution only; not full-task acceptance"
"09-命令AI与输入.md","PrimaryTargetRelationMustBeAllowedByActionSpec","1","1","优化任务/执行记录/11-completion-final-editmode-results.xml","Exact name execution only; not full-task acceptance"
"09-命令AI与输入.md","PrimaryTargetRelationRejectionDoesNotAutoRetarget","1","1","优化任务/执行记录/11-completion-final-editmode-results.xml","Exact name execution only; not full-task acceptance"
"09-命令AI与输入.md","UiAndAiCandidateFiltersUseDecisionSnapshotFactionResolver","1","1","优化任务/执行记录/11-completion-final-editmode-results.xml","Exact name execution only; not full-task acceptance"
"09-命令AI与输入.md","ControllerKindChangeDoesNotChangeUiAiOrCommandTargetEligibility","1","1","优化任务/执行记录/11-completion-final-editmode-results.xml","Exact name execution only; not full-task acceptance"
"09-命令AI与输入.md","FriendlyAndNeutralTargetsRequireExplicitActionMaskBits","1","1","优化任务/执行记录/11-completion-final-editmode-results.xml","Exact name execution only; not full-task acceptance"
"09-命令AI与输入.md","CommandAfterBattleEndIsRejectedBeforeTickBucketAndReplayLog","1","1","优化任务/执行记录/11-completion-final-editmode-results.xml","Exact name execution only; not full-task acceptance"
"09-命令AI与输入.md","FrozenRequestsAreRejectedWhenBattleEndsBeforeCommandPhase","1","1","优化任务/执行记录/11-completion-final-editmode-results.xml","Exact name execution only; not full-task acceptance"
"09-命令AI与输入.md","BattleEndFinalizerClearsFutureRequestBuckets","1","1","优化任务/执行记录/11-completion-final-editmode-results.xml","Exact name execution only; not full-task acceptance"
"09-命令AI与输入.md","ShadowMirrorsPlayerRequestsButRebuildsAiAndSystemExactlyOnce","1","1","优化任务/执行记录/11-completion-final-playmode-results.xml","Exact name execution only; not full-task acceptance"
"09-命令AI与输入.md","CommandAndAiShadowProfileHasNoUnclassifiedDifference","1","1","优化任务/执行记录/11-completion-final-playmode-results.xml","Exact name execution only; not full-task acceptance"
"10-Unity接入与表现桥接.md","DriverAdvancesExpectedTicksFromUnscaledTime","1","1","优化任务/执行记录/11-completion-final-editmode-results.xml","Exact name execution only; not full-task acceptance"
"10-Unity接入与表现桥接.md","SceneContainsExactlyOneBattleRuntimeBootstrap","0","0","","Exact name execution only; not full-task acceptance"
"10-Unity接入与表现桥接.md","UnityBattleDriverHasNoAutonomousUpdate","0","0","","Exact name execution only; not full-task acceptance"
"10-Unity接入与表现桥接.md","UnityViewAssemblyDoesNotReferenceAssemblyCSharpLegacyTypes","1","1","优化任务/执行记录/11-completion-final-editmode-results.xml","Exact name execution only; not full-task acceptance"
"10-Unity接入与表现桥接.md","LegacyAdapterCanBeInjectedThroughUnityViewOwnedContract","0","0","","Exact name execution only; not full-task acceptance"
"10-Unity接入与表现桥接.md","LegacyModeNeverCallsBattleSimulationStep","1","1","优化任务/执行记录/11-completion-final-playmode-results.xml","Exact name execution only; not full-task acceptance"
"10-Unity接入与表现桥接.md","NewModeNeverCallsLegacyAdvanceTime","1","1","优化任务/执行记录/11-completion-final-playmode-results.xml","Exact name execution only; not full-task acceptance"
"10-Unity接入与表现桥接.md","NewModeDisablesEveryLegacyLogicWriter","0","0","","Exact name execution only; not full-task acceptance"
"10-Unity接入与表现桥接.md","UnclassifiedLogicUpdateBlocksNewCutover","0","0","","Exact name execution only; not full-task acceptance"
"10-Unity接入与表现桥接.md","ShadowModeDoesNotWriteUnityOrPlayFeedback","0","0","","Exact name execution only; not full-task acceptance"
"10-Unity接入与表现桥接.md","RuntimeModeIsFixedForBattleLifetime","0","0","","Exact name execution only; not full-task acceptance"
"10-Unity接入与表现桥接.md","MainSceneDefaultsToNewMode","0","0","","Exact name execution only; not full-task acceptance"
"10-Unity接入与表现桥接.md","NewBattleCanRestartInLegacyForRollbackRehearsal","0","0","","Exact name execution only; not full-task acceptance"
"10-Unity接入与表现桥接.md","RestartBetweenModesDoesNotTransferRuntimeState","0","0","","Exact name execution only; not full-task acceptance"
"10-Unity接入与表现桥接.md","UnexpectedShadowDifferenceBlocksNewCutover","0","0","","Exact name execution only; not full-task acceptance"
"10-Unity接入与表现桥接.md","TemporarilyUncomparableShadowFieldBlocksNewCutover","1","1","优化任务/执行记录/11-completion-final-editmode-results.xml","Exact name execution only; not full-task acceptance"
"10-Unity接入与表现桥接.md","InvalidOrBudgetExceededShadowRunCannotAuthorizeNewCutover","1","1","优化任务/执行记录/11-completion-final-editmode-results.xml","Exact name execution only; not full-task acceptance"
"10-Unity接入与表现桥接.md","BroadShadowDifferenceAllowlistIsRejected","1","1","优化任务/执行记录/11-completion-final-editmode-results.xml","Exact name execution only; not full-task acceptance"
"10-Unity接入与表现桥接.md","ChangingTimeScaleDoesNotChangeLogicSnapshot","0","0","","Exact name execution only; not full-task acceptance"
"10-Unity接入与表现桥接.md","PauseStopsStepsAndDropsCombatInputAtBoundary","0","0","","Exact name execution only; not full-task acceptance"
"10-Unity接入与表现桥接.md","ViewCannotMutateLogicState","0","0","","Exact name execution only; not full-task acceptance"
"10-Unity接入与表现桥接.md","MainSceneBuildsBattleDefinitionWithoutFallback","0","0","","Exact name execution only; not full-task acceptance"
"10-Unity接入与表现桥接.md","SceneInitializationUsesTask02BSlotMap","0","0","","Exact name execution only; not full-task acceptance"
"10-Unity接入与表现桥接.md","ScenePassesExplicitRuntimeInputsToInitializerAndReplayHeader","0","0","","Exact name execution only; not full-task acceptance"
"10-Unity接入与表现桥接.md","ReplayHeaderUsesFormatVersionAndPreStepInitialStateHash","1","1","优化任务/执行记录/11-completion-final-editmode-results.xml","Exact name execution only; not full-task acceptance"
"10-Unity接入与表现桥接.md","MissingOrInvalidDefinitionPreventsBattleStart","0","0","","Exact name execution only; not full-task acceptance"
"10-Unity接入与表现桥接.md","RenamingGameObjectDoesNotChangeEncounterSlotOrUnitBinding","1","1","优化任务/执行记录/11-completion-final-editmode-results.xml","Exact name execution only; not full-task acceptance"
"10-Unity接入与表现桥接.md","DuplicateOrMissingEncounterSlotBindingFailsClearly","0","0","","Exact name execution only; not full-task acceptance"
"10-Unity接入与表现桥接.md","MovementInterpolationDoesNotCommitLogicPosition","1","1","优化任务/执行记录/11-completion-final-editmode-results.xml","Exact name execution only; not full-task acceptance"
"10-Unity接入与表现桥接.md","InterruptedMovementStopsVisualDestinationAndReconcilesToSnapshot","1","1","优化任务/执行记录/11-completion-final-editmode-results.xml","Exact name execution only; not full-task acceptance"
"10-Unity接入与表现桥接.md","ForcedDisplacementEventInterpolatesOnlyFromCommittedFromTo","0","0","","Exact name execution only; not full-task acceptance"
"10-Unity接入与表现桥接.md","ForcedDisplacementVisualNeverRecomputesCollisionPathOrWinner","0","0","","Exact name execution only; not full-task acceptance"
"10-Unity接入与表现桥接.md","ZeroStepForcedDisplacementKeepsSnapshotPositionAndMayPlayBlockedFeedback","0","0","","Exact name execution only; not full-task acceptance"
"10-Unity接入与表现桥接.md","SemanticEventsMapToFeedbackWithoutLogicWriteback","1","1","优化任务/执行记录/11-completion-final-editmode-results.xml","Exact name execution only; not full-task acceptance"
"10-Unity接入与表现桥接.md","ReactionUiUsesOpportunityAndNeverConstructsTriggerTick","0","0","","Exact name execution only; not full-task acceptance"
"10-Unity接入与表现桥接.md","ReactionUiClosesOnAcceptedExpiredOrSourceCancelledEvent","0","0","","Exact name execution only; not full-task acceptance"
"10-Unity接入与表现桥接.md","DodgePreviewUsesLogicValidatedDestinationsButDoesNotCommitPosition","0","0","","Exact name execution only; not full-task acceptance"
"10-Unity接入与表现桥接.md","DodgeConfirmationShowsLogicProvidedConditionalMoveCancellationAndBudgetByWindow","1","1","优化任务/执行记录/11-completion-final-editmode-results.xml","Exact name execution only; not full-task acceptance"
"10-Unity接入与表现桥接.md","PendingDodgeMarksDependentMovesWithoutRemovingTimelineItems","1","1","优化任务/执行记录/11-completion-final-editmode-results.xml","Exact name execution only; not full-task acceptance"
"10-Unity接入与表现桥接.md","DodgeFailureOrCancellationKeepsFutureMovesVisible","0","0","","Exact name execution only; not full-task acceptance"
"10-Unity接入与表现桥接.md","DodgeCommitUpdatesTimelineFromActualInvalidatedPlanIds","0","0","","Exact name execution only; not full-task acceptance"
"10-Unity接入与表现桥接.md","AdrenalineHudSeparatesAvailableAndReservedWithoutLocalMutation","1","1","优化任务/执行记录/11-completion-final-editmode-results.xml","Exact name execution only; not full-task acceptance"
"10-Unity接入与表现桥接.md","TimelineShowsLockLineAtSnapshotTickPlusOne","1","1","优化任务/执行记录/11-completion-final-editmode-results.xml","Exact name execution only; not full-task acceptance"
"10-Unity接入与表现桥接.md","TimelineCanPlaceMoveAndRemoveOnlyEditableOrdinaryPlans","0","0","","Exact name execution only; not full-task acceptance"
"10-Unity接入与表现桥接.md","TimelinePreviewShowsRightRippleWithoutLeftCompaction","0","0","","Exact name execution only; not full-task acceptance"
"10-Unity接入与表现桥接.md","TimelineMoveChainPreviewComesFromLogicEvaluator","0","0","","Exact name execution only; not full-task acceptance"
"10-Unity接入与表现桥接.md","TimelineDragProducesOneAtomicScheduleEditOnConfirm","1","1","优化任务/执行记录/11-completion-final-editmode-results.xml","Exact name execution only; not full-task acceptance"
"10-Unity接入与表现桥接.md","TimelineDragTrajectoryDoesNotProduceCombatCommands","1","1","优化任务/执行记录/11-completion-final-editmode-results.xml","Exact name execution only; not full-task acceptance"
"10-Unity接入与表现桥接.md","OpeningOrClosingActionPanelDoesNotCreateOrCommitDraftPhase","1","1","优化任务/执行记录/11-completion-final-editmode-results.xml","Exact name execution only; not full-task acceptance"
"10-Unity接入与表现桥接.md","StaleRevisionOrLockRejectionRebasesFromLatestSnapshot","1","1","优化任务/执行记录/11-completion-final-editmode-results.xml","Exact name execution only; not full-task acceptance"
"10-Unity接入与表现桥接.md","SystemAutoDeferralCancelsAffectedDraftAndRebasesTimeline","1","1","优化任务/执行记录/11-completion-final-editmode-results.xml","Exact name execution only; not full-task acceptance"
"10-Unity接入与表现桥接.md","TimelineNeverReinjectsAutoDeferralAsScheduleEdit","0","0","","Exact name execution only; not full-task acceptance"
"10-Unity接入与表现桥接.md","TimelineCannotEditReactionLockedRunningOrTerminalPlans","1","1","优化任务/执行记录/11-completion-final-editmode-results.xml","Exact name execution only; not full-task acceptance"
"10-Unity接入与表现桥接.md","TimelineDoesNotRevealOtherControllerUnpublishedEditablePlans","1","1","优化任务/执行记录/11-completion-final-editmode-results.xml","Exact name execution only; not full-task acceptance"
"10-Unity接入与表现桥接.md","TurnBudgetHudSeparatesAvailableReservedAndSpent","1","1","优化任务/执行记录/11-completion-final-editmode-results.xml","Exact name execution only; not full-task acceptance"
"10-Unity接入与表现桥接.md","DamageDebugViewShowsChannelAndMomentumMitigation","0","0","","Exact name execution only; not full-task acceptance"
"10-Unity接入与表现桥接.md","DriverStopsAccumulatedTickLoopImmediatelyAfterBattleEndedResult","1","1","优化任务/执行记录/11-completion-final-editmode-results.xml","Exact name execution only; not full-task acceptance"
"10-Unity接入与表现桥接.md","AlreadyEndedResultDoesNotReplayBattleEndFeedback","0","0","","Exact name execution only; not full-task acceptance"
"10-Unity接入与表现桥接.md","OneInputProducesExactlyOneCommand","0","0","","Exact name execution only; not full-task acceptance"
"10-Unity接入与表现桥接.md","UnitViewFactionBindingComesFromInitializationMapping","1","1","优化任务/执行记录/11-completion-final-editmode-results.xml","Exact name execution only; not full-task acceptance"
"10-Unity接入与表现桥接.md","TargetPickerUsesDecisionSnapshotRelationMaskInsteadOfGameObjectTags","0","0","","Exact name execution only; not full-task acceptance"
"10-Unity接入与表现桥接.md","FriendlyFireTargetVisibilityFollowsActionSpecMask","0","0","","Exact name execution only; not full-task acceptance"
