"Path","Bytes","Sha256","CapturedAt"
"优化任务/执行记录/10-guid-migration.csv","3658","C21FFF2F1148AA01587ADCAC9BF6C61BC86EC9467909A9183457725290C593F7","2026-10-10T00:13:28.4585182+08:00"
"优化任务/执行记录/11-editor-performance-diagnostic.csv","534","0B6FF8914893219630C0AD44118FE261EA5446D0C2FCA8CDB8BB4117A29C89FD","2026-10-10T00:13:28.4651867+08:00"
"优化任务/执行记录/11-final-editmode-results.xml","646984","9CD519AE3D937C93B712E29DE90B21EE01131D8C678995E9B2BA3A70F4C69204","2026-10-10T00:13:28.4667283+08:00"
"优化任务/执行记录/11-final-playmode-results.xml","57633","88F64ED6F8912966FE767227B39671823271BC816C817E63A74BA09E00755EF5","2026-10-10T00:13:28.4675599+08:00"
"优化任务/执行记录/11-project-audit.txt","28571","1FA9C343518B0429331FD071FD6C6D818780A176F1CE0BF591D8F388F0B71647","2026-10-10T00:13:28.4683309+08:00"
"优化任务/执行记录/11-required-test-execution.csv","109066","B94DD947E57CA6DC57FCED6A66E345004BCCD9CD0B1918ABAC1A236C3A3A18C5","2026-10-10T00:13:28.4695638+08:00"
"Assets/Scenes/CombatSampleScene.unity","49858","936FC38809EF9B388A3AF6E2C87FFB3C602D4487AFB6E5CD3CDD965B3BF13E5E","2026-10-10T00:13:28.4708777+08:00"
"Assets/Scenes/CombatSampleScene.unity.meta","162","BAF1A15DF993D52223CE52DAA6BF340FD183FB7E5C3C173ED76FD7F614D6E7F0","2026-10-10T00:13:28.4717810+08:00"
"Assets/Scenes/HiddenRuntimeValidation.unity","13223","0EB78480AAD736DC4AB898F5D9272195FB2711D2A986637C2ED1FACAA474B5C9","2026-10-10T00:13:28.4808763+08:00"
"Assets/Scenes/HiddenRuntimeValidation.unity.meta","155","EF4FAF1CBBCF5335CAF42EFF1CD0404DD61B5443707341A1CFA4C97486866192","2026-10-10T00:13:28.4816727+08:00"
"Assets/Scripts\游戏概念文档.md.meta","165","6434029947510EA7CB308CFD72143D6D25808F72C1A92589B75C934028851FD1","2026-10-10T00:13:28.4824446+08:00"
"Assets/Scripts\游戏概念写作_v2.md.meta","165","C5F60219107AC55CBC73B5F6BE774BAF8BFB392E0C5FF6D05A7FFF882F28C6CD","2026-10-10T00:13:28.4831829+08:00"
"Assets/Scripts\正在不断涌出的某种东西.md.meta","165","5AC689616368299AF93B67CA58580BAE23127B13CDD06CDA518BDAA9EB82E58D","2026-10-10T00:13:28.4841619+08:00"
"Assets/Scripts\Authoring.meta","172","21FE3DE50235D4946593FC74809D15433BEAD667BF0BC3327DD0F48A2CB0F55E","2026-10-10T00:13:28.4850263+08:00"
"Assets/Scripts\Authoring\BattleDefinitionAssembler.cs","8578","0315FD36FA2591BC47E29BE4E2D5A69114E7511998FBE4B1C15A18337E7CD050","2026-10-10T00:13:28.4858342+08:00"
"Assets/Scripts\Authoring\BattleDefinitionAssembler.cs.meta","60","8BF923C358CA2ECB4DEB7B57A81731DF989430FC6DA8FF5F26A59BFB8A43175A","2026-10-10T00:13:28.4868066+08:00"
"Assets/Scripts\Authoring\BattleDefinitionBuilder.cs","28292","97C9047688C1A0E93FC2607972D5462EF43D633B5DD5CB19DE8764DFCB5C20DB","2026-10-10T00:13:28.4880950+08:00"
"Assets/Scripts\Authoring\BattleDefinitionBuilder.cs.meta","60","2DB74F9FC5E68658A16A8E248BEDEFD938F06C40245F3C1D5672D7AFB401E512","2026-10-10T00:13:28.4890361+08:00"
"Assets/Scripts\Authoring\BattleDefinitionBuildResult.cs","2870","0FB81B421DB6D28BD98386D48EA7508C98C3A8910D8CEC6C0A30614555B2141E","2026-10-10T00:13:28.5003496+08:00"
"Assets/Scripts\Authoring\BattleDefinitionBuildResult.cs.meta","60","40EB215332A9F79888A09FEEC68D0E5E0F3563284126B3626389269B6149585E","2026-10-10T00:13:28.5013940+08:00"
"Assets/Scripts\Authoring\BattleDefinitionValidator.cs","25351","D71FDACBCC6F3CBD342BB52C6105EE4D28FD1724AA8B8F239E8DBE8A278A15EF","2026-10-10T00:13:28.5022697+08:00"
"Assets/Scripts\Authoring\BattleDefinitionValidator.cs.meta","60","2064BBE02D9748B8CD6B0B4E44E12FEF6EDC73D66673A1B932C65CCE1B0901F0","2026-10-10T00:13:28.5030086+08:00"
"Assets/Scripts\Authoring\Compatibility.meta","172","CC0162062A55E2BD0C41A4A6CB3AC42CF09C08E76957B61EDC389ED58ED53A19","2026-10-10T00:13:28.5038187+08:00"
"Assets/Scripts\Authoring\Compatibility\LegacyAttackDefinitionConverter.cs","5112","1B7337D63A7B0DCF9328C1CB0AE4A2AB42C47385B6A177D9C19EC0567B2BCAA4","2026-10-10T00:13:28.5963776+08:00"
"Assets/Scripts\Authoring\Compatibility\LegacyAttackDefinitionConverter.cs.meta","59","E7DA267CD41E2CE53571647D4FED3A3C6F55F36A16F61223F98230F99734C7FD","2026-10-10T00:13:28.5974110+08:00"
"Assets/Scripts\Authoring\Compatibility\LegacyAuthoringCodes.cs","903","1A2B6460C5B7C963705A1D0B55D7C445E16B8A73056F211D5B7886C572C6066E","2026-10-10T00:13:28.6075151+08:00"
"Assets/Scripts\Authoring\Compatibility\LegacyAuthoringCodes.cs.meta","59","9E6AE86493CC0DE9D9D90E3C387A2DDE689A03A3A11566CC4AEC76A6553005EA","2026-10-10T00:13:28.6084360+08:00"
"Assets/Scripts\Authoring\Compatibility\LegacyDamageMapping.cs","3119","36B749CF505F045A1172F93FB42E386DE89F5FD2047EB7DAD6BBE4783C26C6D4","2026-10-10T00:13:28.6195225+08:00"
"Assets/Scripts\Authoring\Compatibility\LegacyDamageMapping.cs.meta","59","EB31C59E785BB6E658ADC4549E45310E3F2E2EA9843FD3A59F18B5CED6553BFE","2026-10-10T00:13:28.6206263+08:00"
"Assets/Scripts\Authoring\Compatibility\LegacyGridDefinitionConverter.cs","5552","0296EBBC595E68E01B05DC1381962EBC48223E8A446AC60DB4A57EE4CD875084","2026-10-10T00:13:28.6323175+08:00"
"Assets/Scripts\Authoring\Compatibility\LegacyGridDefinitionConverter.cs.meta","59","2D70BC179B2E750FCD4C0D5FC017B1C8032A97E5D6529190344DA2FC43D731AD","2026-10-10T00:13:28.6333968+08:00"
"Assets/Scripts\Authoring\Compatibility\LegacyTimingQuantization.cs","754","7D904C048C8355795A45FCE107A211942B5AE8992A0FE394E94C40683300F995","2026-10-10T00:13:28.6416453+08:00"
"Assets/Scripts\Authoring\Compatibility\LegacyTimingQuantization.cs.meta","59","B26277A9AE0D32B92621596D1584DB1A25A772D2876C4AE316BC00E3E381CDF9","2026-10-10T00:13:28.6425930+08:00"
"Assets/Scripts\Authoring\Compatibility\LegacyUnitStatInputs.cs","6388","0552A1E25CAE485992ACE49AF85FEF88339CC2DE74F724AE3EE6F03095EE32B9","2026-10-10T00:13:28.6489042+08:00"
"Assets/Scripts\Authoring\Compatibility\LegacyUnitStatInputs.cs.meta","59","AACB4FCF0F754A6E541F16AE2C584A65E54CDFD47D0D214A828FC256F92EEA8D","2026-10-10T00:13:28.6499467+08:00"
"Assets/Scripts\Authoring\Compatibility\LegacyUnitStatsAdapter.cs","5069","BEFD67BE13D97864785B5CB127F3A01E1C8CFF00459979975E2BFAAEEC391FFE","2026-10-10T00:13:28.6563739+08:00"
"Assets/Scripts\Authoring\Compatibility\LegacyUnitStatsAdapter.cs.meta","59","2FBEBC48E749A71CFB3C33857BC26E564817F431B53783D3F39190DD191A6C64","2026-10-10T00:13:28.6573650+08:00"
"Assets/Scripts\Authoring\Legacy.meta","172","75B5001EB3D1A049D5759C4AD375404FF147F43474B0DD4D2EB188604BF1ABD3","2026-10-10T00:13:28.6583858+08:00"
"Assets/Scripts\Authoring\Legacy\Action.cs","1069","F3347E1C02B7E3F6B4A6BE41B01D518CB080BDD1753BAE4B15B5C4B706CA0266","2026-10-10T00:13:28.6596733+08:00"
"Assets/Scripts\Authoring\Legacy\Action.cs.meta","60","1E7399DE7A4CC342BBAB99C3C7C2ED66C2E3D348EF8422AD934A9DE1CB525637","2026-10-10T00:13:28.6607280+08:00"
"Assets/Scripts\Authoring\Legacy\ActionLibrarySO.cs","894","F7E18CB40D0DFC57698BAD0D4DD4F64A815922C7CE3B984FA1BCBE58AC098EB4","2026-10-10T00:13:28.6618598+08:00"
"Assets/Scripts\Authoring\Legacy\ActionLibrarySO.cs.meta","60","6DC45E9C0A16DB61AEC262C37E92E7597BAC1D147D8C76570D2703F2D7A28950","2026-10-10T00:13:28.6626277+08:00"
"Assets/Scripts\Authoring\Legacy\ActionType.cs","214","C50704BCBE14AF880DB9263D0687581FC3108B56F2C0A82506DB3004FF437CA6","2026-10-10T00:13:28.6697231+08:00"
"Assets/Scripts\Authoring\Legacy\ActionType.cs.meta","60","41BE39E5C949A6C0EBF025213B4B9CF5C2514D4DABF682F039795ED766D23A79","2026-10-10T00:13:28.6706369+08:00"
"Assets/Scripts\Authoring\Legacy\AttackPattern.cs","2459","6A6874C0653E146C53297594D6115AC4D24808B6F58A0F3FAE1EC96150616F47","2026-10-10T00:13:28.6789038+08:00"
"Assets/Scripts\Authoring\Legacy\AttackPattern.cs.meta","60","CE355D7F99B9C0274961D5A2503B3EA710B18F1B69136A5D7FEF1A8AA9598334","2026-10-10T00:13:28.6802863+08:00"
"Assets/Scripts\Authoring\Legacy\ImpactType.cs","1458","238FDD7107564F6DED9915042CEF2B23ED6A0B75D5AAD1D3670375D3B9AD36D0","2026-10-10T00:13:28.6934973+08:00"
"Assets/Scripts\Authoring\Legacy\ImpactType.cs.meta","60","C8E13B0B4F2F52998681F9B15728545771F60791F0518247B8E50E96F7564059","2026-10-10T00:13:28.6951834+08:00"
"Assets/Scripts\Authoring\Legacy\LegacyAssetResolver.cs","5214","B1D3355B55093E83A575A246D1C7B5E420BF8AFE89AFDB733EE9934C8B009453","2026-10-10T00:13:28.6969855+08:00"
"Assets/Scripts\Authoring\Legacy\LegacyAssetResolver.cs.meta","60","11B653FEEC0306D11EB3A5E24C706329ED7F2FC9417D294A1B2C93439DC231F2","2026-10-10T00:13:28.6984016+08:00"
"Assets/Scripts\Authoring\Legacy\LegacyIdMigrationManifest.cs","19150","BEA95C49AC24D6AD7433AD58C604877B10065093F36CF6CC868641859BD3B9EE","2026-10-10T00:13:28.6997022+08:00"
"Assets/Scripts\Authoring\Legacy\LegacyIdMigrationManifest.cs.meta","60","323578AEA67F2AA6BA3FFD034E050423F8DAEA9F6B137100EB416FB559F08BC2","2026-10-10T00:13:28.7008315+08:00"
"Assets/Scripts\Authoring\Legacy\UnitVolume.cs","2613","08AA64CE3F9BCCC3C1D314A66E56F3A1D0D86100E43ED24766E8725C0AB228E1","2026-10-10T00:13:28.7116119+08:00"
"Assets/Scripts\Authoring\Legacy\UnitVolume.cs.meta","60","B91487FEA16213072DE6A6699A2CE77E8EFAE2ECC53EE35CC8437E6F09ABFDBD","2026-10-10T00:13:28.7137623+08:00"
"Assets/Scripts\Authoring\LegacyBattleUnitSource.cs","1565","975C4B1E1A77C5613F4A8FFB90583F533C37C84F626A62646CD338614B6CBD9D","2026-10-10T00:13:28.7229420+08:00"
"Assets/Scripts\Authoring\LegacyBattleUnitSource.cs.meta","60","198B7C835C9B18B49855AA49BFDA42CE4D04D36D9042FF9E39B264F4494196F4","2026-10-10T00:13:28.7244095+08:00"
"Assets/Scripts\Authoring\LegacyTypeConversion.cs","5177","3E9E7D4EE342D24D162C132405FA514A92D91A5DED09024FE322CF051326276C","2026-10-10T00:13:28.7351638+08:00"
"Assets/Scripts\Authoring\LegacyTypeConversion.cs.meta","60","18CF5B537BC779D3E557BEAE2706F8C24787C93C642E1192BCB516F9CBA1251C","2026-10-10T00:13:28.7418831+08:00"
"Assets/Scripts\Authoring\ProjectHero.Authoring.asmdef","437","62F02271EFFE8D725C444B550EB4F04427F3FE7ADF226594B9A1E2B45ACC3364","2026-10-10T00:13:28.7432885+08:00"
"Assets/Scripts\Authoring\ProjectHero.Authoring.asmdef.meta","166","4DC591B805B02B023E1ADBA28BB51A1C0C18EF8A68DC2CAD25DF7E4562204F27","2026-10-10T00:13:28.7444812+08:00"
"Assets/Scripts\Core.meta","180","866BDA9C1CC4C09C328E276C55F9E9387406F261DC70B1FF2A76721161F9A165","2026-10-10T00:13:28.7453549+08:00"
"Assets/Scripts\Core\Actions.meta","180","A8BBC77631F06B49B5BBF2633DF27A643EDE0B5CD0158F9EA70B702F0BEBA07E","2026-10-10T00:13:28.7462459+08:00"
"Assets/Scripts\Core\Actions\ActionScheduler.cs","10367","BF6106722C7143DCD6C87A4081759227BA29A9FDAB09E5AB651B30F97DE9C80C","2026-10-10T00:13:28.7472572+08:00"
"Assets/Scripts\Core\Actions\ActionScheduler.cs.meta","60","CD7DB514676D02C5A7BDB2F60CC71A220C4818FD4A8ABFEF6DEA0C4265198BDC","2026-10-10T00:13:28.7480998+08:00"
"Assets/Scripts\Core\Actions\Intents.meta","180","59D76F0439A5B4F715D39ED4443863D3372645DBB4198AEF06C0FF771179BC58","2026-10-10T00:13:28.7490356+08:00"
"Assets/Scripts\Core\Actions\Intents\AttackIntent.cs","3773","44C3D8FFA7F07D627C1F466E8CC98BABBD2679ACF4E1D1ACF51AF63E36ACF940","2026-10-10T00:13:28.7612123+08:00"
"Assets/Scripts\Core\Actions\Intents\AttackIntent.cs.meta","60","349CE241192BF918887FED5C9CC7495AD9090184DD5974B76D71CC0AF0C48318","2026-10-10T00:13:28.7623143+08:00"
"Assets/Scripts\Core\Actions\Intents\BlockIntent.cs","1333","C960662594DEC0511598F6992D1388DFE69A9BFBD85CEB8B04B6ECC5B925F117","2026-10-10T00:13:28.7715640+08:00"
"Assets/Scripts\Core\Actions\Intents\BlockIntent.cs.meta","60","75FD2B420BC9A7AA94E809032949379B22D5CFEE5712DF0EBE0574877993B9EF","2026-10-10T00:13:28.7726675+08:00"
"Assets/Scripts\Core\Actions\Intents\CommitMoveStepIntent.cs","1774","D1C6043CFD92FE90D4D551EF6EB214DCB1BCC295A4DCA25AF37AA2A423EC9008","2026-10-10T00:13:28.7827675+08:00"
"Assets/Scripts\Core\Actions\Intents\CommitMoveStepIntent.cs.meta","60","985E21CF9F126DCF8E418273D49E2387526F3A1AF6B49D73BF7BFE8895775D50","2026-10-10T00:13:28.7838702+08:00"
"Assets/Scripts\Core\Actions\Intents\DodgeIntent.cs","1333","1F209D85FBFDF931D833BD22A84D92748034D39F5007F971397752BFA4311655","2026-10-10T00:13:28.7939239+08:00"
"Assets/Scripts\Core\Actions\Intents\DodgeIntent.cs.meta","60","3525B746B9EE3E1802699CCB4EC9E04222D68641464003E0CB29D4E7A3793B9A","2026-10-10T00:13:28.7949865+08:00"
"Assets/Scripts\Core\Actions\Intents\MoveIntent.cs","3434","DBC804BCFB2C10A0826313CD630AF746C41896630E14AB3BA628F8819D954828","2026-10-10T00:13:28.8075987+08:00"
"Assets/Scripts\Core\Actions\Intents\MoveIntent.cs.meta","60","0BAE4A0E63F4C6FC7FA49C2B65B7E72566A9B0AAF6D7A7E124CE5D6A20E7EC48","2026-10-10T00:13:28.8086782+08:00"
"Assets/Scripts\Core\Actions\Intents\PlanFacingIntent.cs","1138","0ED22679B6ACDFCF6C0E4C6F08D6CD5ADE14B9A4E349286BC97041FCFC4EA466","2026-10-10T00:13:28.8193464+08:00"
"Assets/Scripts\Core\Actions\Intents\PlanFacingIntent.cs.meta","60","DBA92AF6453A1D7D6CA7116F2031F3E8B662652A6B5E61B19FDA9C482AA7EFC5","2026-10-10T00:13:28.8205282+08:00"
"Assets/Scripts\Core\Actions\Intents\PlanMoveIntent.cs","2766","07A7C9AE38A0470299693E84E39B0C63CCF2F5C2E6C0848D7F67FE58F2C663EF","2026-10-10T00:13:28.8326847+08:00"
"Assets/Scripts\Core\Actions\Intents\PlanMoveIntent.cs.meta","60","580F22D3EB413F38CC0C755C0EDD3531E9EE63974F428CE4E7B083275C867279","2026-10-10T00:13:28.8339526+08:00"
"Assets/Scripts\Core\Actions\Intents\RecoverIntent.cs","833","B840947D8D587E558B080969208E99FEF3FEB073C41BFBA3BA300D989C434EFA","2026-10-10T00:13:28.8429370+08:00"
"Assets/Scripts\Core\Actions\Intents\RecoverIntent.cs.meta","60","A3CB6DA3BAF3868718867682B9BDC7EA15FEA33C5A6553CC0D82CDEB4342646E","2026-10-10T00:13:28.8440330+08:00"
"Assets/Scripts\Core\Actions\Intents\SetRecoveringFlagIntent.cs","739","73C3FB314FB2CED44C5AA3E7CD5570D3240D522F16ECBDF4B5C00DF49DD33C4E","2026-10-10T00:13:28.8540880+08:00"
"Assets/Scripts\Core\Actions\Intents\SetRecoveringFlagIntent.cs.meta","60","CC3A23453A5F69EDB3377EEACF8449A685B3AC1365EBA9FF3B73C0E042D7B413","2026-10-10T00:13:28.8552763+08:00"
"Assets/Scripts\Core\Actions\Intents\StateChangeIntent.cs","3372","EB961E54A23BE7AB7ABD47C88D810753DF937F52744AD0C76837373D4A588972","2026-10-10T00:13:28.8654662+08:00"
"Assets/Scripts\Core\Actions\Intents\StateChangeIntent.cs.meta","60","1BDD80CDA8BC00B29265FABBCA92B74162F705FBCCA07EC12DAF1AC5D1CD0D59","2026-10-10T00:13:28.8665141+08:00"
"Assets/Scripts\Core\Actions\LegacyScheduledAction.cs","916","FAB8AADD5EAF442754D47F65526CC4EDB7C3AB5F2CCD6C824430F7407846CA9B","2026-10-10T00:13:28.8673909+08:00"
"Assets/Scripts\Core\Actions\LegacyScheduledAction.cs.meta","59","8ABC780B9AFEE224D64ED4BD475322F083AD05C12F788FB434B0FE0C79006E55","2026-10-10T00:13:28.8682606+08:00"
"Assets/Scripts\Core\Compatibility.meta","172","0B3FB8ADDAF9B26CE6E77C4C5F9B63A8971D80810EB79302326876B2E90D3A97","2026-10-10T00:13:28.8691300+08:00"
"Assets/Scripts\Core\Compatibility\Authoring.meta","172","03FF51F6A1F07DC82D4BE37FAB8A4515D244017E997BCD69C6C6BA04507A40D6","2026-10-10T00:13:28.8699912+08:00"
"Assets/Scripts\Core\Compatibility\Authoring\BattleSimulationSourceFactory.cs","23640","57EE3CBE9C6207D7861EAF54AC64C06AD2E0334BC04EF4640B8CCA78B6059649","2026-10-10T00:13:28.8710212+08:00"
"Assets/Scripts\Core\Compatibility\Authoring\BattleSimulationSourceFactory.cs.meta","59","33DBABE08C47D40F03350906142C99065A444C8B9D4BEFBD1F11BE1F085D8A7D","2026-10-10T00:13:28.8719108+08:00"
"Assets/Scripts\Core\Compatibility\Authoring\LegacyCombatUnitStatsReader.cs","3234","F20D910034CA749CCEADACBFB563287C66AD08E41A7B17DC5B25FFD99BEB18EF","2026-10-10T00:13:28.8829157+08:00"
"Assets/Scripts\Core\Compatibility\Authoring\LegacyCombatUnitStatsReader.cs.meta","59","9424FD39B2578F5A3FE819B6774B5B5D0942A196895B748C10E9DE2374A5587E","2026-10-10T00:13:28.8840215+08:00"
"Assets/Scripts\Core\Compatibility\Authoring\ShadowSceneInputBridge.cs","4963","DABEB2D774BB3C80606A50A7BAD4C967062CC8D06855D8A6655777D6D850F735","2026-10-10T00:13:28.8849023+08:00"
"Assets/Scripts\Core\Compatibility\Authoring\ShadowSceneInputBridge.cs.meta","59","6F4369416969C81858A0A83106BB9481FF767BB73581BEA1B73141DC798B3244","2026-10-10T00:13:28.8857735+08:00"
"Assets/Scripts\Core\Entities.meta","180","EE377F0CCB7EC88C93C5C38C9FB105D3BD6A82BE8A56CCFC26E35CBE7BE5F60C","2026-10-10T00:13:28.8866148+08:00"
"Assets/Scripts\Core\Entities\CombatUnit.cs","14431","A3ABE32DC629B4DBE6EED5E3DC96DD14CE996060E2216BF75F25EFB8479884C4","2026-10-10T00:13:28.8950686+08:00"
"Assets/Scripts\Core\Entities\CombatUnit.cs.meta","246","67D7071A23C3B5DC8C87F8B38BFB20FBAA705C1BC1EC5305AD6B98348B38A105","2026-10-10T00:13:28.8961185+08:00"
"Assets/Scripts\Core\Gameplay.meta","180","326A341DDF14EEF5856285B5918417329DB3647A6816591E3FE9EE4CA7DA4A60","2026-10-10T00:13:28.8969971+08:00"
"Assets/Scripts\Core\Gameplay\BattleManager.cs","4439","47C0C363DAA2F40A589C695D0CB421CE1673E7148CBE8769FF2040E729CED5FB","2026-10-10T00:13:28.9081186+08:00"
"Assets/Scripts\Core\Gameplay\BattleManager.cs.meta","246","ADE4B1C0ECFD1F6902C00A02EC364AB6927C1543DD14CAF8713A9423EE84A000","2026-10-10T00:13:28.9092156+08:00"
"Assets/Scripts\Core\Gameplay\EnemyAIController.cs","12064","FB07D2878E8F3726BB9D55262D45065543E348616E40154BB440E28D972EE966","2026-10-10T00:13:28.9210727+08:00"
"Assets/Scripts\Core\Gameplay\EnemyAIController.cs.meta","246","6498BF6BBE88EA77C436B9B7F32F48243D2006BAD222A736B08AE9B4A926B279","2026-10-10T00:13:28.9222114+08:00"
"Assets/Scripts\Core\Gameplay\TacticsController.cs","31479","9BC0DD9E05E5857002C2830A35A89BCE6855AC4C09420B37DFBC6266A08B5EAD","2026-10-10T00:13:28.9231541+08:00"
"Assets/Scripts\Core\Gameplay\TacticsController.cs.meta","246","E6FCD0CA99D73B83FD98B1BF625B4CA931DEF35049A0BE8BBDB35657798A31E5","2026-10-10T00:13:28.9260719+08:00"
"Assets/Scripts\Core\Grid.meta","172","A3FB3381158799F529150D0AB27D439272FFC73F6822FB6F22203FCAA5EB2D0E","2026-10-10T00:13:28.9269668+08:00"
"Assets/Scripts\Core\Grid\GridManager.cs","12977","16DE659B98921409ED91EC0852948F0A2B1C0661951CFED4D2681BE8074ADEE0","2026-10-10T00:13:28.9278363+08:00"
"Assets/Scripts\Core\Grid\GridManager.cs.meta","60","56DDFBE018AC99316AFE18A71766BF5E15546AB165B0B514A65E85205FEF930C","2026-10-10T00:13:28.9290945+08:00"
"Assets/Scripts\Core\Input.meta","180","EB218C5050F95C0965941D49C978AE5602F09833089BEC088BCC4EB4C546F2CB","2026-10-10T00:13:28.9302908+08:00"
"Assets/Scripts\Core\Input\InputManager.cs","8011","2143185B7CA188FD4848C87DE56FCEB565C3F71091B8C5E1C6FD08A8AF621F7C","2026-10-10T00:13:28.9311913+08:00"
"Assets/Scripts\Core\Input\InputManager.cs.meta","60","7271A6B868F1967148171E607355E66FF354931FE8F19FDA40CF7C31AB7E1FA6","2026-10-10T00:13:28.9320486+08:00"
"Assets/Scripts\Core\Interactions.meta","180","BEA3D8099DA0F5F91673FDB151663D25B884544B5C3CD8DEEC433EA3585469C5","2026-10-10T00:13:28.9330348+08:00"
"Assets/Scripts\Core\Interactions\CombatArbiter.cs","8622","92995F82202AE74016A23E9A13F01A46E9CC78AE53E6C91659C7C30C57331841","2026-10-10T00:13:28.9454190+08:00"
"Assets/Scripts\Core\Interactions\CombatArbiter.cs.meta","60","887AF4BB3FE7353C451955B758E376C122C7F614B188F15C3965A9815676F00A","2026-10-10T00:13:28.9467289+08:00"
"Assets/Scripts\Core\Interactions\CombatIntent.cs","1336","351236B457C5DD065330B0031E268AD8AA626927998A161A63A947FB4E929ABD","2026-10-10T00:13:28.9542521+08:00"
"Assets/Scripts\Core\Interactions\CombatIntent.cs.meta","60","A12AD8E623BD1509377285DCC2410D128FF8169B5A49C9EF0BD363E9566895D1","2026-10-10T00:13:28.9554623+08:00"
"Assets/Scripts\Core\Interactions\InteractionType.cs","356","9DE39CD760E5F5F82D69A23A0D08F22D10825A2B45D603ADE175A9182D4DBAD8","2026-10-10T00:13:28.9606073+08:00"
"Assets/Scripts\Core\Interactions\InteractionType.cs.meta","60","AD5517E08A53464CC8D67B3686F8EFE9F615F9AA5286956F071315A8B45EAFFA","2026-10-10T00:13:28.9618891+08:00"
"Assets/Scripts\Core\Pathfinding.meta","180","486A5339B640838FAA40244B6CCF93B12A289223BEF3C254BD3A9FDD018A8352","2026-10-10T00:13:28.9630988+08:00"
"Assets/Scripts\Core\Pathfinding\Pathfinder.cs","7780","1438AA84C2234A5AE457BD5303D3896ECD36CD5BE4918494EBD6A4A25B229DBA","2026-10-10T00:13:28.9713777+08:00"
"Assets/Scripts\Core\Pathfinding\Pathfinder.cs.meta","60","CE497EF4D599ADE1059ADAFC9C3A82FE9EFC349F10151B0BA7DA3A70925C85B3","2026-10-10T00:13:28.9726617+08:00"
"Assets/Scripts\Core\Physics.meta","180","83943E3E5B31EC454663AD9022822E4A95E83F6E264E8D6252484191BED4591E","2026-10-10T00:13:28.9738876+08:00"
"Assets/Scripts\Core\Physics\PhysicsEngine.cs","8171","00B4EC9F0878B77FFDEFCA4721AD22758A26DCC7041FC64A98E99934E4607A9B","2026-10-10T00:13:28.9820990+08:00"
"Assets/Scripts\Core\Physics\PhysicsEngine.cs.meta","60","485535237773C8F0B6D36165FF87D7774BE00CADCB35EE34D835180244DFE321","2026-10-10T00:13:28.9831218+08:00"
"Assets/Scripts\Core\Timeline.meta","180","B8B66293F131F734D01595326BE91415A831B2E6CE1377FA0C3EF14FDB1C6D97","2026-10-10T00:13:28.9839669+08:00"
"Assets/Scripts\Core\Timeline\BattleTimeline.cs","12239","F95E9878387008EA45970E571C14CDE4CAC86B37FCEBE3A48AFCCA558A55DD12","2026-10-10T00:13:28.9919389+08:00"
"Assets/Scripts\Core\Timeline\BattleTimeline.cs.meta","246","2923CB3AB3C8DCA886168D7783655EAFC20CA7AE0BA5F7FCA55D279A205EA84B","2026-10-10T00:13:28.9929401+08:00"
"Assets/Scripts\Core\Timeline\TimelinePriority.cs","1022","2925AF415BA68500CEC62DAF4787D41F0E19AA5CD5DB3BA1067EF5E85B0B1156","2026-10-10T00:13:29.0047567+08:00"
"Assets/Scripts\Core\Timeline\TimelinePriority.cs.meta","60","4E6AA0557E280C722500E6BD277CCADE70E492D6DA6F6E76C0F0B0F3FCEF4CD3","2026-10-10T00:13:29.0057628+08:00"
"Assets/Scripts\Demos.meta","180","54C222D2732B3FFD4F2EC86A945FF8754BCFFD33AAFB43CCE1F4381475C29C8A","2026-10-10T00:13:29.0066273+08:00"
"Assets/Scripts\Demos\CombatDemo.cs","9061","E6BE9546094C9ED07D26534FC6F34F81D49E458F7E76C9452A7063CFA0E7F9C2","2026-10-10T00:13:29.0202130+08:00"
"Assets/Scripts\Demos\CombatDemo.cs.meta","246","F1EDDC3EF262E2C2038F2309402A0A84BA8B769433715471F49FEBDDE5D9ADD3","2026-10-10T00:13:29.0211581+08:00"
"Assets/Scripts\Demos\LibraryGenerator.cs","19465","4F433F4721BF539527F0C1EBF7497E63E905475EF40C0CD65E9E5145974BCE64","2026-10-10T00:13:29.0349594+08:00"
"Assets/Scripts\Demos\LibraryGenerator.cs.meta","60","9FD52E1D466AC1D0586ED2F604D7DFF91D7749DE7B11B84FF748C3D039BCF740","2026-10-10T00:13:29.0358944+08:00"
"Assets/Scripts\Demos\SimpleColorChange.cs","1353","DAA34F86415202394F5ED4EC925CA2150DCAD438BC0B36C4404634E1781027C5","2026-10-10T00:13:29.0429238+08:00"
"Assets/Scripts\Demos\SimpleColorChange.cs.meta","60","51E473F4163C9C18FDFC2BB591BF0E8AB014A806CC2E5E48C634A885ED3D0096","2026-10-10T00:13:29.0437752+08:00"
"Assets/Scripts\Editor.meta","172","27CA5EDE146C8F088A9944C71006218925EB904425217DC9ADD6F49CCE6204A3","2026-10-10T00:13:29.0446946+08:00"
"Assets/Scripts\Editor\BaselineDiagnostics.meta","172","8239864EBFE602760B3BE48F50C3203010626219724D8C77518296DF33795AEC","2026-10-10T00:13:29.0455018+08:00"
"Assets/Scripts\Editor\BaselineDiagnostics\BaselineDiagnosticRunner.cs","43597","CA4679C50B4E1105804ACE5ECB0E1083C622B8E9F2E127F0E698F8D3F68BB6EF","2026-10-10T00:13:29.0601414+08:00"
"Assets/Scripts\Editor\BaselineDiagnostics\BaselineDiagnosticRunner.cs.meta","59","7C08DCDBDE51179C999FBC2B4677611EB03CB8007604BB732BADA2506A3FF1DF","2026-10-10T00:13:29.0612689+08:00"
"Assets/Scripts\Editor\RuntimeOwnership.meta","172","F6B82B21326979E89F7356AF28DC9F4484C916EFC9A4C7AF0330635F72125C41","2026-10-10T00:13:29.0621757+08:00"
"Assets/Scripts\Editor\RuntimeOwnership\RuntimeOwnershipBatchEntry.cs","3324","4F7D5475CF96512A15974F0D6C01D1FB2BF60D1D855E27E1388A8A6A8B20E424","2026-10-10T00:13:29.0630223+08:00"
"Assets/Scripts\Editor\RuntimeOwnership\RuntimeOwnershipBatchEntry.cs.meta","59","1E41D9867D8420D741F832D5FE6286B45BCED719FC963EC03DD6CD9352D20D9E","2026-10-10T00:13:29.0638575+08:00"
"Assets/Scripts\Editor\RuntimeOwnership\RuntimeOwnershipSceneTool.cs","30393","FA2AA3C484FB065B808FEBD87299BF54525092D979DA2C49BE34F6847738B0D9","2026-10-10T00:13:29.0651179+08:00"
"Assets/Scripts\Editor\RuntimeOwnership\RuntimeOwnershipSceneTool.cs.meta","59","E302779F793F7360D73B6BD777BAC9F1AB67A602BDFC0EA7CF8B7E117CA49BF0","2026-10-10T00:13:29.0663654+08:00"
"Assets/Scripts\Editor\RuntimeOwnership\Task08SceneWiring.cs","2580","9BA3C021B645EB936DEEA4C0526E33A19515C88D9CBF638F71C4A9C69C2C7A1F","2026-10-10T00:13:29.0672662+08:00"
"Assets/Scripts\Editor\RuntimeOwnership\Task08SceneWiring.cs.meta","59","0CB17E3E0C59CE6C4D134B3DAC99451A15BCE61CE1D1D3EF073BA918580DDCB3","2026-10-10T00:13:29.0680868+08:00"
"Assets/Scripts\Editor\RuntimeOwnership\Task11Audit.cs","9842","F98F6DBEEE62152129442D17AFB434B5A7960EEA140CD6567EDF44E78579F7A5","2026-10-10T00:13:29.0688776+08:00"
"Assets/Scripts\Editor\RuntimeOwnership\Task11Audit.cs.meta","59","F021F1D10FDC19F3DE08220BBD83862C57739E04F9523147E51C4DFA4845CC0E","2026-10-10T00:13:29.0695894+08:00"
"Assets/Scripts\Game_Design_Final.md.meta","165","B75F413D5BB744FDA904971693682D6471A21EE453468B1F6817F1DCE80010B6","2026-10-10T00:13:29.0702914+08:00"
"Assets/Scripts\Grid.meta","172","FB094D0F42A0F8FBEBFC923249501E1A228C52CB2F82F86657AB12A05AF2BC48","2026-10-10T00:13:29.0710931+08:00"
"Assets/Scripts\Grid\GridDirection.cs","761","1B5FEE2F3EA56AECCCD883888F1E64A855F1E64F44AC5007EC058FE42F82BDFF","2026-10-10T00:13:29.0719833+08:00"
"Assets/Scripts\Grid\GridDirection.cs.meta","60","8789E695C0A1C2F97D4B4133987A177EE1EAF2967416CC2C2DC4F3065E53A8F1","2026-10-10T00:13:29.0727786+08:00"
"Assets/Scripts\Grid\GridMath.cs","7340","C2A719B37AC2774F2745D1D0699E315298E3DFFF400F03B423EB39646C2B9ADC","2026-10-10T00:13:29.0808809+08:00"
"Assets/Scripts\Grid\GridMath.cs.meta","60","2076561028A127809A25D14B920BE08F8EFD187583C181BF2737C21D2C2608CB","2026-10-10T00:13:29.0820579+08:00"
"Assets/Scripts\Grid\GridPoint.cs","1612","53CB1C6A0964A754FE5169DEFF008D625CB0F4BCC0FDBDF87751DD2F34AB27B3","2026-10-10T00:13:29.0829127+08:00"
"Assets/Scripts\Grid\GridPoint.cs.meta","60","98AF3F4810BBB510086CBBF5AD0D3EA371E28F02720FDCD98D59FF662F32FDEA","2026-10-10T00:13:29.0853375+08:00"
"Assets/Scripts\Grid\ProjectHero.Grid.asmdef","366","983667F548AEA0D549FC1CA61079AA9D331E469D70860F1504292EB1EC38313F","2026-10-10T00:13:29.0861723+08:00"
"Assets/Scripts\Grid\ProjectHero.Grid.asmdef.meta","166","285DD77E20828A1B964589D649BF6203F1FE2EFC150F69A2DEB72A894A05AFA8","2026-10-10T00:13:29.0869124+08:00"
"Assets/Scripts\Grid\TrianglePoint.cs","1169","2A95CFD4400C14E091D261825E120F41F79689CE78FE9C6DBE4CD9F0E941E4BF","2026-10-10T00:13:29.0993356+08:00"
"Assets/Scripts\Grid\TrianglePoint.cs.meta","60","9854171B2522F36C604892BE81FB6D9FA5AD00A8E6F4CB06792F8AE061F98638","2026-10-10T00:13:29.1005997+08:00"
"Assets/Scripts\Logic.meta","172","E0C52017DCBC1CEF5E34D5DC9DBE4EE9D1AE6D39A8CF4001011BF86A720D74EA","2026-10-10T00:13:29.1014179+08:00"
"Assets/Scripts\Logic\Actions.meta","172","2EFAE12A214CBB0DBADA109EEFD1CA867C27EE6CF5198701133F7CAF9A541131","2026-10-10T00:13:29.1024904+08:00"
"Assets/Scripts\Logic\Actions\ActionDefinitionValidation.cs","15129","B9C1E40863ADE9A0061D23914D8800DAFF2F9A3DC44A79E2A757918A563659AD","2026-10-10T00:13:29.1033402+08:00"
"Assets/Scripts\Logic\Actions\ActionDefinitionValidation.cs.meta","59","1FD63FD0560685A92B217B7A8D0A41CF82E3445107170B203C6CE417BE00E6B6","2026-10-10T00:13:29.1041473+08:00"
"Assets/Scripts\Logic\Actions\ActionPayloadSpec.cs","3154","04220D6064DC8797DF27AE719C3B7AD1EADE92ABD89ED51C74B653DDC523E769","2026-10-10T00:13:29.1050106+08:00"
"Assets/Scripts\Logic\Actions\ActionPayloadSpec.cs.meta","59","85CB30160021009A913E9D2B6951762E5EF31B56A7DE0435F98D3B80B3B3150A","2026-10-10T00:13:29.1058103+08:00"
"Assets/Scripts\Logic\Actions\ActionPlan.cs","30732","42CAD1F0D50FFD71754A97B7150A246F7BC9D523FA1CB258F777F5BE10312E09","2026-10-10T00:13:29.1066259+08:00"
"Assets/Scripts\Logic\Actions\ActionPlan.cs.meta","59","7C621D9DC182261C53EA6B1CDA5A4B243963C5177E0FF97D44CCBA1EB61F4F79","2026-10-10T00:13:29.1073832+08:00"
"Assets/Scripts\Logic\Actions\ActionSpec.cs","538","817038374065F0DBC8A8CBBC12AE6B41607F08666DA779E1C3F0CD4B795FF3DA","2026-10-10T00:13:29.1083222+08:00"
"Assets/Scripts\Logic\Actions\ActionSpec.cs.meta","59","6935CA2E9F5A0C621D6871E0DB923F67E4CDC35B6B26CD30B974CEF5A4AA2EBF","2026-10-10T00:13:29.1091338+08:00"
"Assets/Scripts\Logic\Actions\ActionTimingSpec.cs","3781","E1EE1EA91280FB3CBB413B318A5E8D601B81F67CE5CD05C992B8814193ED9555","2026-10-10T00:13:29.1102092+08:00"
"Assets/Scripts\Logic\Actions\ActionTimingSpec.cs.meta","59","8BCB931E9B0F665F4B8FFAA46FF822D90CF3ABE12133DCBFB0FD43D96F171D7C","2026-10-10T00:13:29.1109746+08:00"
"Assets/Scripts\Logic\Actions\ActionType.cs","660","179DB73E9ABBDB7E46BFE24AAF44D0FA86F9F8BE829A27445EF79394EB0DFF61","2026-10-10T00:13:29.1118877+08:00"
"Assets/Scripts\Logic\Actions\ActionType.cs.meta","59","4E430852954A4C99D932BD870883FE552CBDE87BB5A3265EC8F0F1F72E4C43B6","2026-10-10T00:13:29.1127418+08:00"
"Assets/Scripts\Logic\AI.meta","172","5A5BDDAB722AAB3B07C9FB51C40F70E73CC0E9D45E85B8B7E2AF279D90A2C6B3","2026-10-10T00:13:29.1135400+08:00"
"Assets/Scripts\Logic\AI\AiCandidate.cs","4003","82D8E649C6CE695FEA713353E8009D64A29C6254B7D90CC34A763E25093443A4","2026-10-10T00:13:29.1143502+08:00"
"Assets/Scripts\Logic\AI\AiCandidate.cs.meta","60","E7D7B44B1C206FDFC3915C336C1AE5CF42F2C0F30BC60C48648D18463FE851F2","2026-10-10T00:13:29.1151598+08:00"
"Assets/Scripts\Logic\AI\AiCandidateBuilder.cs","8470","9374EBAEA56470CD08F68B51A2363A6DC86B50463C5CF9B38567B4D9F15CAA48","2026-10-10T00:13:29.1159536+08:00"
"Assets/Scripts\Logic\AI\AiCandidateBuilder.cs.meta","60","71EF389EDE777D46D05CB28171DD1BC39B64302892E0700F13B034EF9AF67954","2026-10-10T00:13:29.1167108+08:00"
"Assets/Scripts\Logic\AI\AiCandidateKinds.cs","2588","475BECE24310ABBBFFA0F7333F49FC9C6BB32D530AC52CF7829D135F41128CD0","2026-10-10T00:13:29.1175031+08:00"
"Assets/Scripts\Logic\AI\AiCandidateKinds.cs.meta","60","D06E9D7CF970B79B3AE2A4840C83117665C435CE1E2B5BACDC50AC18AACE1094","2026-10-10T00:13:29.1182810+08:00"
"Assets/Scripts\Logic\AI\AiCommandRequestBuilder.cs","4153","6E7D15A475411DF6B26174CC468AE58B1D6DE3DB6B5E849168952B60EA497FF2","2026-10-10T00:13:29.1190577+08:00"
"Assets/Scripts\Logic\AI\AiCommandRequestBuilder.cs.meta","60","4570F8194D2136775A266ACF5B144BA4AEDEDBE54B141DDD960511CF89B702DB","2026-10-10T00:13:29.1198131+08:00"
"Assets/Scripts\Logic\AI\AiControllerLogic.cs","14181","CB35E6C6AF00CC175076DB4744E6B680E3D9B5B4EF40964FED727D623A5C892D","2026-10-10T00:13:29.1207586+08:00"
"Assets/Scripts\Logic\AI\AiControllerLogic.cs.meta","60","DD366F0887B696D627E6A1642228E6372B978549D4654B75DFA3B984781AF117","2026-10-10T00:13:29.1216694+08:00"
"Assets/Scripts\Logic\AI\AiDecision.cs","1885","4DC9904666BF443AB6A609F8C0D70A4184CACFB0381D96623AB13C0FD21EB006","2026-10-10T00:13:29.1225593+08:00"
"Assets/Scripts\Logic\AI\AiDecision.cs.meta","60","164B6907829D30B60EE3AEF27B465A5FCB16CAB5B5B824CE62A3F24435D73263","2026-10-10T00:13:29.1233802+08:00"
"Assets/Scripts\Logic\AI\AiDecisionContext.cs","2992","6455ABFFD9BB650CA3390BADEC144E6BE2C006CE8B00B4F207D454957533872E","2026-10-10T00:13:29.1241982+08:00"
"Assets/Scripts\Logic\AI\AiDecisionContext.cs.meta","60","FCBEAF67BB547FAA878099921D51EF55217C531490AAE4C6DADDA93D41B95DDB","2026-10-10T00:13:29.1252376+08:00"
"Assets/Scripts\Logic\AI\AiDecisionContextFactory.cs","2696","943BF040CB4F234FF5A63E0FACE45977E70EFCD411F67B44BF6627F0D6975887","2026-10-10T00:13:29.1259937+08:00"
"Assets/Scripts\Logic\AI\AiDecisionContextFactory.cs.meta","60","FBBB83C61278581608732740E551B74B566FFF46CA223A5D5176AA0E01EC039E","2026-10-10T00:13:29.1267931+08:00"
"Assets/Scripts\Logic\AI\AiDecisionFunction.cs","8696","5A5663D5C43FBCD42048BCD71104CA4CA4BA839E7E673020560712228ED8EC98","2026-10-10T00:13:29.1275700+08:00"
"Assets/Scripts\Logic\AI\AiDecisionFunction.cs.meta","60","57273C36E4C5988733EC2EEA8EEA1DC96F87D971D70CD585318C1D712E165D86","2026-10-10T00:13:29.1283751+08:00"
"Assets/Scripts\Logic\AI\AiReactionCandidateBuilder.cs","4091","54C74C56BDBABFAF6782B856F58BAC35670351C17F863448FE2465DACF1D2CA1","2026-10-10T00:13:29.1291837+08:00"
"Assets/Scripts\Logic\AI\AiReactionCandidateBuilder.cs.meta","60","BBFB5DE8B9F7052CAF7AD005EF083B18BAA5F68F713C94FF72DC9939B63665C0","2026-10-10T00:13:29.1302622+08:00"
"Assets/Scripts\Logic\AI\AiRuntimeState.cs","8277","38C755131D47F16065C36229E91694632A3765AB3D661A328BF7D262EBD67947","2026-10-10T00:13:29.1311525+08:00"
"Assets/Scripts\Logic\AI\AiRuntimeState.cs.meta","60","23AA763DEBBC27D5F4452B750A5F554B722C2C3FBE259E13947D56A0BCE50AC4","2026-10-10T00:13:29.1323159+08:00"
"Assets/Scripts\Logic\AI\AiRuntimeStateStore.cs","1860","73B85F6D267EDF481F43B400BBABB973265F96F29DAEE86FDB5D92ED72600359","2026-10-10T00:13:29.1331788+08:00"
"Assets/Scripts\Logic\AI\AiRuntimeStateStore.cs.meta","60","452D90BE301283C56C452D494C44E888A7853E0F03E552F3A8DF6181FA2D7CBD","2026-10-10T00:13:29.1339867+08:00"
"Assets/Scripts\Logic\AI\IAiActionPlanLookup.cs","1080","ABA781AC6BB8BED2ADB7AFEC0127CD757109F236B9873650BEEBB0121CB16700","2026-10-10T00:13:29.1347908+08:00"
"Assets/Scripts\Logic\AI\IAiActionPlanLookup.cs.meta","60","1C8D1502696FFD3B8A67319F639299795E27D73CA3B4D1AEC4A713C21132EDB8","2026-10-10T00:13:29.1357221+08:00"
"Assets/Scripts\Logic\AssemblyInfo.cs","917","FBDE6CA5C6194DD10719134B53D0ACA18BB08CEED7762BFEB2F8FFD2D42CCC15","2026-10-10T00:13:29.1365135+08:00"
"Assets/Scripts\Logic\AssemblyInfo.cs.meta","59","3FC9397139E79505DA6F314671AB42178143CFEFFF0FA77F29B697217BCA7DBB","2026-10-10T00:13:29.1372982+08:00"
"Assets/Scripts\Logic\Combat.meta","172","CACE48711323D3909F29A09B416FAC004E4B55FDBAF88D1645FDA8E7404AB1B7","2026-10-10T00:13:29.1380991+08:00"
"Assets/Scripts\Logic\Combat\BattleDefinitionHash.cs","18773","810E9876498A474B539F56E338A0CBD43095F25245F6208E07E0B2B8927DBE14","2026-10-10T00:13:29.1389470+08:00"
"Assets/Scripts\Logic\Combat\BattleDefinitionHash.cs.meta","59","A2623DDFFA0074A90112537CC07B9C9289D3D01B3A62DBEBAB4963F673545F8C","2026-10-10T00:13:29.1397296+08:00"
"Assets/Scripts\Logic\Combat\BattleRules.cs","8906","E08482EB9E55184FBEB33E6F87B44332F742988CD70EA503BA063151C65CF6AC","2026-10-10T00:13:29.1405236+08:00"
"Assets/Scripts\Logic\Combat\BattleRules.cs.meta","59","3EC3204DBD7756922266528ADF2DC9D60C25D910A1A96033AC0C033F849C1247","2026-10-10T00:13:29.1413245+08:00"
"Assets/Scripts\Logic\Combat\DefinitionCodes.cs","7250","DC3F0852BC9D270F8FCE34C409C905A52C6366E6D1182A33A7A32A501944B07F","2026-10-10T00:13:29.1424997+08:00"
"Assets/Scripts\Logic\Combat\DefinitionCodes.cs.meta","59","BFC72A23D7765F3024039BAB850D65B9C6E52F4AE921EEC04CED02A56B40EDFE","2026-10-10T00:13:29.1433827+08:00"
"Assets/Scripts\Logic\Combat\ForcedDisplacement.cs","11371","3F3CF4C4CBA222AB1FCDB8DDB9C017BD022D8AB6B1C13846C18D92B4F6C1F988","2026-10-10T00:13:29.1444664+08:00"
"Assets/Scripts\Logic\Combat\ForcedDisplacement.cs.meta","59","98EEB139C62E79F3B294A94A7BCB56D06FB16D7BFA641D875D6CC56091CAFEE8","2026-10-10T00:13:29.1452730+08:00"
"Assets/Scripts\Logic\Combat\MomentumClashSolver.cs","19668","9F270AE96680576CD3603134C04E77ABFAD8E2A67D4538A99DB3D3607DB4099B","2026-10-10T00:13:29.1463460+08:00"
"Assets/Scripts\Logic\Combat\MomentumClashSolver.cs.meta","59","0F6C48948B80AA4855E192AF06018B7C59D075FF4540D27D3C37DCE19A4016BA","2026-10-10T00:13:29.1471634+08:00"
"Assets/Scripts\Logic\Combat\MomentumPacket.cs","7832","64A79371D412EE0CB1E0D0A2C4D3B6AB36462D3767D54BEC2FA0ADD0AD6DA469","2026-10-10T00:13:29.1480475+08:00"
"Assets/Scripts\Logic\Combat\MomentumPacket.cs.meta","59","C0682788ABC17A60159AFC040340426D0892D32597653A2AD4B62C043B8DBE9C","2026-10-10T00:13:29.1488134+08:00"
"Assets/Scripts\Logic\Combat\MomentumQuantizer.cs","12419","FDDD875B7378554645FD73A9776B2776360BA78C5B6641A430254F2048E98F7C","2026-10-10T00:13:29.1496771+08:00"
"Assets/Scripts\Logic\Combat\MomentumQuantizer.cs.meta","59","60D5B78B58E5CD68826F665F47C76721F2458FE2A618FA3AD98F38783A0CB124","2026-10-10T00:13:29.1504437+08:00"
"Assets/Scripts\Logic\Combat\MomentumRuleTable.cs","15274","F2779039A738852F062AF1B7B7067ED06092705E8B2524CE5DF411FFF6B69791","2026-10-10T00:13:29.1515076+08:00"
"Assets/Scripts\Logic\Combat\MomentumRuleTable.cs.meta","59","F17844EDBEB2407427E1F0636D0F85DE538E47CD3D0DCD8F78C4FB1AD91847B0","2026-10-10T00:13:29.1523798+08:00"
"Assets/Scripts\Logic\Combat\PathCostRules.cs","3942","0C03490F0D195E7611D3071CDA7D2CA29614C2BF09192C58ECAF057E536EE7E5","2026-10-10T00:13:29.1532437+08:00"
"Assets/Scripts\Logic\Combat\PathCostRules.cs.meta","59","487413263393137805A1F8F3949A14AE47673984D93ADC6914CD90571ECFB026","2026-10-10T00:13:29.1540910+08:00"
"Assets/Scripts\Logic\Combat\PathSearchRules.cs","2904","C7D9D56190B339C763055E7AEA8A530C56C9A8DBBB04FD3508F20D25843C4FE3","2026-10-10T00:13:29.1550375+08:00"
"Assets/Scripts\Logic\Combat\PathSearchRules.cs.meta","59","AD5E097DD3751E9A2C24F8726D20D69BC02904C3B8D7194533A150752E1E3C45","2026-10-10T00:13:29.1558739+08:00"
"Assets/Scripts\Logic\Combat\ReactionModel.cs","9425","1BEAA7A4E4EB0E300F2F2413B95EBB4C9ADB26920B3AB289132119AED4ED2F75","2026-10-10T00:13:29.1566617+08:00"
"Assets/Scripts\Logic\Combat\ReactionModel.cs.meta","59","6DAFC89C1A5A8E533CEB4DEF8ADF99C08AECF3CE6BE910B01FF530C2BF0CC03D","2026-10-10T00:13:29.1574788+08:00"
"Assets/Scripts\Logic\Combat\TargetAggregator.cs","25077","E49A58C9BB4D6AF7A8025CF478BA5E60B0EFCC23DD0B2ACA7FA0D704C02577EC","2026-10-10T00:13:29.1586551+08:00"
"Assets/Scripts\Logic\Combat\TargetAggregator.cs.meta","59","1F456747846FB1FAA493C43C485702D86D70C28CED79B7F033D4CDA45BE18AE0","2026-10-10T00:13:29.1595539+08:00"
"Assets/Scripts\Logic\Combat\TickQuantization.cs","5619","0968FE5A602A508CA690D2B9D6CD114F48B94237F02F39F84399624E7DD61DA8","2026-10-10T00:13:29.1605836+08:00"
"Assets/Scripts\Logic\Combat\TickQuantization.cs.meta","59","8DB08DA4773CA69DFFD5A4568E18DC3BCA40EC40A1DB1583E141553A9C961906","2026-10-10T00:13:29.1613438+08:00"
"Assets/Scripts\Logic\Combat\UnitDefinition.cs","8449","5BC7B1B832843FD7846A01270A50FFEA9B378894C796C65C849B7076D245EBF4","2026-10-10T00:13:29.1623528+08:00"
"Assets/Scripts\Logic\Combat\UnitDefinition.cs.meta","59","2CBD52B276EE5E7485B9BD707F2F9417DA6FA49689961F9A5FEE61F27D9BD32C","2026-10-10T00:13:29.1631466+08:00"
"Assets/Scripts\Logic\Commands.meta","172","2B6262B7DDC041369AE9418A7A08775FC594C604B2388EA7CF819116B78DF0B5","2026-10-10T00:13:29.1640282+08:00"
"Assets/Scripts\Logic\Commands\BattleCommandProcessor.cs","10046","DB5DB3ABFDE7BE614F06A05F45959BB7537A879B22249ECC8B0855386122C729","2026-10-10T00:13:29.1649002+08:00"
"Assets/Scripts\Logic\Commands\BattleCommandProcessor.cs.meta","59","A114B3D9527D351E5DBC9FC0054F6DAC5ACAD1C753116027A47C81139C4D72C4","2026-10-10T00:13:29.1656786+08:00"
"Assets/Scripts\Logic\Commands\CommandAuthority.cs","16018","010EA9C461D16B2F9F18852C9FB76BB3D63CB61C42245FE3536B52D35FD4C9DF","2026-10-10T00:13:29.1664957+08:00"
"Assets/Scripts\Logic\Commands\CommandAuthority.cs.meta","59","413027B1824CB3D1C4A172040B27012121CC9D899B5460ACD2E6A493513CDBF6","2026-10-10T00:13:29.1672822+08:00"
"Assets/Scripts\Logic\Commands\CommandCodes.cs","8549","1C723637ECC38F003997A3636040DA560BC5A0E9805B151204D230145E38BBEA","2026-10-10T00:13:29.1680696+08:00"
"Assets/Scripts\Logic\Commands\CommandCodes.cs.meta","59","B644E5D82B1C8A8B4855EA9803674AEBC1EE42B976980BC0086954234BFA558F","2026-10-10T00:13:29.1688036+08:00"
"Assets/Scripts\Logic\Commands\CommandGateway.cs","12238","CACEA2520EDCAE683F9EECB684CB804DB5C939BDC1D7528255B1E2BB3DCD0F1C","2026-10-10T00:13:29.1696077+08:00"
"Assets/Scripts\Logic\Commands\CommandGateway.cs.meta","59","5F20BA3229AB87E56B62C1BC00DA4D331F144F06394380C8A15B71F3B11C06C3","2026-10-10T00:13:29.1703483+08:00"
"Assets/Scripts\Logic\Commands\CommandIngressEntry.cs","8617","8E0CE1771DFF53BF44338A68A19021FD3F24EA02CC72902F905813FEEC50DCBD","2026-10-10T00:13:29.1713791+08:00"
"Assets/Scripts\Logic\Commands\CommandIngressEntry.cs.meta","59","780CAB5BA05D58551496C15088BF9ED6AC945453E95B192233BDB0E89AB5B7FF","2026-10-10T00:13:29.1722265+08:00"
"Assets/Scripts\Logic\Commands\CommandIngressRegistry.cs","22915","8115C3ABE75109486724F880B6BE50A9C087E0AA55EC3BB36CE50D3D2F5E1034","2026-10-10T00:13:29.1732235+08:00"
"Assets/Scripts\Logic\Commands\CommandIngressRegistry.cs.meta","59","50F05390475726A881AC5C57A40F169E6A6D31AAF465385FC773650986A4630F","2026-10-10T00:13:29.1739923+08:00"
"Assets/Scripts\Logic\Commands\CommandPayloads.cs","10215","F1B403F28BE750FB7F6F412E90A75943B3827E28EAE3CE15E058402AAF2FBB53","2026-10-10T00:13:29.1748403+08:00"
"Assets/Scripts\Logic\Commands\CommandPayloads.cs.meta","59","19B6774FFDBD4FA058AF3775EB7A8E993F818ECF3AF437D57A5EE198FCC10550","2026-10-10T00:13:29.1756581+08:00"
"Assets/Scripts\Logic\Commands\CommandRequest.cs","9148","43B08A930163EB5A933EE9B82939837759D2E2AC2CB362AB082F93214F31DA6A","2026-10-10T00:13:29.1766403+08:00"
"Assets/Scripts\Logic\Commands\CommandRequest.cs.meta","59","944371EAECCA30F7E6CC69701271EA02C055A6CB2746B6DF61D568F4A2141C02","2026-10-10T00:13:29.1781209+08:00"
"Assets/Scripts\Logic\Commands\CommandScopes.cs","3738","700D70458925475E6D241B142070554BE017562F4262D98EB35B5C5E573741BA","2026-10-10T00:13:29.1794748+08:00"
"Assets/Scripts\Logic\Commands\CommandScopes.cs.meta","59","795EBB9EE3ED939C20400DFDDBB3F33AA122D493F697620D1E03415623E803D7","2026-10-10T00:13:29.1804152+08:00"
"Assets/Scripts\Logic\Commands\TargetCandidateQuery.cs","9436","C720E1067E925E6CD9A69F98E49CC5ACB6F60EEDF9377DA0F7751DE2E37389DB","2026-10-10T00:13:29.1817636+08:00"
"Assets/Scripts\Logic\Commands\TargetCandidateQuery.cs.meta","60","FA5E2F289B8EA59218648DD58515CA24000761756955C3044C23A06E2678E79A","2026-10-10T00:13:29.1826047+08:00"
"Assets/Scripts\Logic\Damage.meta","172","106279A56009E059103542759ECBB0F666628D57B85F122198C5ADB78F14B4A1","2026-10-10T00:13:29.1834591+08:00"
"Assets/Scripts\Logic\Damage\DamageChannels.cs","1926","3ED47410679F2EE7B672F2586CE0C473937815438B82E45049601471491DCE0C","2026-10-10T00:13:29.1843637+08:00"
"Assets/Scripts\Logic\Damage\DamageChannels.cs.meta","59","37DAB445C135C28E99D4AC6DFEAB29DE0D46C9F54557E51ABC2D5338E521248E","2026-10-10T00:13:29.1852256+08:00"
"Assets/Scripts\Logic\Damage\DamageComponentSpec.cs","3927","7DC3823288F1F499E1AC5EB7F38B9A95A16237D2BFC7E8373ACD9B7DE1834242","2026-10-10T00:13:29.1868947+08:00"
"Assets/Scripts\Logic\Damage\DamageComponentSpec.cs.meta","59","6E1BDC74585D8A34BA33244A87BB9CC9144A1871B911F83DD37A7F6215980701","2026-10-10T00:13:29.1877118+08:00"
"Assets/Scripts\Logic\Damage\ImpactProfiles.cs","1542","1A35F5B5D14E76F826C5330621C142F98138D42A8A0520053868EF4ABE6C099F","2026-10-10T00:13:29.1885994+08:00"
"Assets/Scripts\Logic\Damage\ImpactProfiles.cs.meta","59","F056A20FF3BD7121589004C313518249DC9558E234FAAD2A64B3C4CAC6ED92FF","2026-10-10T00:13:29.1893713+08:00"
"Assets/Scripts\Logic\Definitions.meta","172","09B4E985EA126F74C75028D73CFD5ECAC14B4C1E7B4FFC87CAD81D92C3AD5DEB","2026-10-10T00:13:29.1903058+08:00"
"Assets/Scripts\Logic\Definitions\ActionSetDefinition.cs","4616","175AAEDAD280F31F18AD67E55CBB03FDC0CDEB54C88578BFE267464F30A88C58","2026-10-10T00:13:29.1911948+08:00"
"Assets/Scripts\Logic\Definitions\ActionSetDefinition.cs.meta","59","851BA70DE5B2BE582B5DF4C41ED81DAA76C3C64D96777C84971B0192D7DFF367","2026-10-10T00:13:29.1922301+08:00"
"Assets/Scripts\Logic\Definitions\BattleDefinition.cs","6028","8E9E91B6C859EEEDD67EA8EAEADC75402A101E3A099727F90E84DAE6622603BD","2026-10-10T00:13:29.1930282+08:00"
"Assets/Scripts\Logic\Definitions\BattleDefinition.cs.meta","59","9553124DA14AD04AFF3CFA0ECA5B1787C6539493C129EF8AA3A3218407640A3F","2026-10-10T00:13:29.1937885+08:00"
"Assets/Scripts\Logic\Definitions\ControllerBinding.cs","1743","35D13998CB9F7808BA5D1ACD2CC40F412C7FCEC71D4EBB26CD19D6F1AF256C7F","2026-10-10T00:13:29.1945630+08:00"
"Assets/Scripts\Logic\Definitions\ControllerBinding.cs.meta","59","1FDF4B3A30F1F0911168951B6BA35C6E4DA053DB5BC4E36F2FB2796EF7CC7461","2026-10-10T00:13:29.1952890+08:00"
"Assets/Scripts\Logic\Definitions\DamageChannelDefinition.cs","1996","26B10C9FC00F34AE19C30FFC58F1AA7591873ABC8A464F0E810CA5062ED3E133","2026-10-10T00:13:29.1962049+08:00"
"Assets/Scripts\Logic\Definitions\DamageChannelDefinition.cs.meta","59","61B2A2CAE41A93798ADD0E9A7B834871D3EDB888744B12FE71E6DA45A9343A8A","2026-10-10T00:13:29.1969568+08:00"
"Assets/Scripts\Logic\Definitions\EncounterDefinition.cs","8631","EA6283EC7990842492E098152B6F30D511C7B5F958CB3086EC57176DC9F72317","2026-10-10T00:13:29.1979951+08:00"
"Assets/Scripts\Logic\Definitions\EncounterDefinition.cs.meta","59","993E745DACBA69E43194D5EC87039C40A512E2AE9F7A1069EF23E33A71D2F2CE","2026-10-10T00:13:29.1987286+08:00"
"Assets/Scripts\Logic\Definitions\FactionModelDefinition.cs","8249","0F5C2585047C704071FCF30BEEA19ECDBBC40BCCC9E89437D55037935D4E49ED","2026-10-10T00:13:29.1997217+08:00"
"Assets/Scripts\Logic\Definitions\FactionModelDefinition.cs.meta","59","88F63741BCE26491EAC5FF9207B50B0FFBEA2F9DCA334191E81F6DEEF5894F51","2026-10-10T00:13:29.2005088+08:00"
"Assets/Scripts\Logic\Determinism.meta","172","B8A21D31757347A719198DA4CB64165411DC48EFFF2C1B02DFF48A60CEDE9BF6","2026-10-10T00:13:29.2012415+08:00"
"Assets/Scripts\Logic\Determinism\CanonicalEncoding.cs","6318","6DB54D23A008235BC448BAEF19C9C23FDE4475B9D3016676EDD2E23A31ADC2C8","2026-10-10T00:13:29.2019643+08:00"
"Assets/Scripts\Logic\Determinism\CanonicalEncoding.cs.meta","59","688B25715135097FA766528D7DD17890CAF947674113EC17C48E923C5913A842","2026-10-10T00:13:29.2027049+08:00"
"Assets/Scripts\Logic\Determinism\DeterministicRng.cs","4681","79F01DD9961EEC6A2E16D98160576BC955C4E2BB9E57006C32AB3A6789BEE61F","2026-10-10T00:13:29.2035729+08:00"
"Assets/Scripts\Logic\Determinism\DeterministicRng.cs.meta","59","6A6D899BEDB345FB40A8217286E0554DC949F579FC4BB3729408F30CECA19E06","2026-10-10T00:13:29.2046449+08:00"
"Assets/Scripts\Logic\Determinism\ReplayFormatVersion.cs","7795","F0A62E874C1A0950C94E0187029ACC202B8661C28FCF73425A802F0044791D31","2026-10-10T00:13:29.2054829+08:00"
"Assets/Scripts\Logic\Determinism\ReplayFormatVersion.cs.meta","59","30579EDFD37CB24729F0A3EDBBE9FAC331F8CAE66C6006BC8B9CA8E370C2CC92","2026-10-10T00:13:29.2062936+08:00"
"Assets/Scripts\Logic\Encounter.meta","172","5318A9EC2C0041901AA1F5827E47B050448BC3994A6CB6879367FB43DB5B1B1B","2026-10-10T00:13:29.2071208+08:00"
"Assets/Scripts\Logic\Encounter\EncounterUnitSlot.cs","3587","C5A1BE48501FFC00761C3545E2972D0AB6F3AE6D64F1D83880B81080908F1BDD","2026-10-10T00:13:29.2079105+08:00"
"Assets/Scripts\Logic\Encounter\EncounterUnitSlot.cs.meta","59","E661305F0F531BF98E20310F011F91E5B7630D3549D23B93A0AD9B948116A55D","2026-10-10T00:13:29.2086819+08:00"
"Assets/Scripts\Logic\Events.meta","172","E378ECC5068D95DB894BA761CB0754643DB43AFC0078FF183CB8F3D3FB4C5753","2026-10-10T00:13:29.2096812+08:00"
"Assets/Scripts\Logic\Events\ActionPlanEvents.cs","4824","5251C79BD11E9CC9E53D53EAF93F6342EE92CA6E6E36D14686072D8C60BD596B","2026-10-10T00:13:29.2105317+08:00"
"Assets/Scripts\Logic\Events\ActionPlanEvents.cs.meta","59","A0D7B652F92ABE4E01D4DA1EA4D46E920B5B353F5EE3DCF1B388A30A2BF6B2D9","2026-10-10T00:13:29.2115136+08:00"
"Assets/Scripts\Logic\Events\InteractionResolutionEvents.cs","15235","B067F4A1369A1C787D158B1EC2BB2A0D0729C453926994A0E019461523295FA1","2026-10-10T00:13:29.2123426+08:00"
"Assets/Scripts\Logic\Events\InteractionResolutionEvents.cs.meta","60","E5DD10DCEDB42D86CA23FF424406E0C69FC6E645402F2C8AFB609C6B6BF7FE8E","2026-10-10T00:13:29.2131784+08:00"
"Assets/Scripts\Logic\Events\LogicEvent.cs","4093","E3EF7BFFD3CD107D5BA7E1DA79CF7C518B30A821E0213EB09164B3F88AFC6B2B","2026-10-10T00:13:29.2142479+08:00"
"Assets/Scripts\Logic\Events\LogicEvent.cs.meta","59","303FD5C4AE3B655184DBC506D1F863293F1C73F8A758B383C9A6D8612E443AED","2026-10-10T00:13:29.2154139+08:00"
"Assets/Scripts\Logic\Events\SimulationEvents.cs","9263","E6ACA646E52D316E54C560E99F61F26662FF63C555CEEE485C32DA8D04052868","2026-10-10T00:13:29.2167035+08:00"
"Assets/Scripts\Logic\Events\SimulationEvents.cs.meta","59","2BB1756CF88E644694A18DD09F146E5BEA3C426F6BCD8013FAA2BDA036DED2A1","2026-10-10T00:13:29.2174954+08:00"
"Assets/Scripts\Logic\Factions.meta","172","5B0131410F90B07FE8F57FA82BEAEC65DA30ECAC36C62DB73B83F7063864E546","2026-10-10T00:13:29.2184559+08:00"
"Assets/Scripts\Logic\Factions\FactionModel.cs","2826","7F72C674247C296DA90C78F6B1C54A452F0EB70F5C9E9FC292F8E79CC90F1BEE","2026-10-10T00:13:29.2192359+08:00"
"Assets/Scripts\Logic\Factions\FactionModel.cs.meta","59","53A6486FF130FE4B08702676E76D9A5DA054290373F8B52D3B25BAF019597FE9","2026-10-10T00:13:29.2201491+08:00"
"Assets/Scripts\Logic\Grid.meta","172","039E185FAD5CA782BF342BC79DF62B65657B9408788A9BE8E023A77FB07EADA7","2026-10-10T00:13:29.2210182+08:00"
"Assets/Scripts\Logic\Grid\DirectionalCodes.cs","1208","2C1EBB2747C77BA56D963D20E05532D2D93EEDC7BA917948B7D8843570A4C866","2026-10-10T00:13:29.2220046+08:00"
"Assets/Scripts\Logic\Grid\DirectionalCodes.cs.meta","59","692B5AA298F681672FED1DA61D0A0FC223F1AD92CDB840163A0EBE76A01521B9","2026-10-10T00:13:29.2228405+08:00"
"Assets/Scripts\Logic\Grid\DirectionalGeometry.cs","5174","64045CDA1FD4801E80AEBE5FAA711D1AE71B43ECC8FFFA6391871CAA3B58C4DB","2026-10-10T00:13:29.2237247+08:00"
"Assets/Scripts\Logic\Grid\DirectionalGeometry.cs.meta","59","BDDFA8D9872223D0D5A0E2835DD32A85514355E6EEE831A43D5312A8F91FA768","2026-10-10T00:13:29.2246240+08:00"
"Assets/Scripts\Logic\Grid\DirectionalSpecs.cs","930","9CBC3F07A90A3B6EF317F6FED9F9E50A696E22EA223498B36FD7F069B48D6AA3","2026-10-10T00:13:29.2256058+08:00"
"Assets/Scripts\Logic\Grid\DirectionalSpecs.cs.meta","59","C4CBBDA204AB67114286E7B2231640331DC195357F2FB4ABF24A07122C603B3D","2026-10-10T00:13:29.2264087+08:00"
"Assets/Scripts\Logic\Grid\DirectionalSpecValidation.cs","2473","6F5CEE426DDCB2466DD138199E980D04B3E2C76BA76470C6BF06885B64A34985","2026-10-10T00:13:29.2273248+08:00"
"Assets/Scripts\Logic\Grid\DirectionalSpecValidation.cs.meta","59","87A36ACB36B0A274A59DEC6A16BD4C76BF72ED1582D7E187D738EC3827CA986A","2026-10-10T00:13:29.2281016+08:00"
"Assets/Scripts\Logic\Grid\DirectionalTriangleSet.cs","1065","42726E01A98E7D90D508AC339877A2959FD60C9C936A2425C70094398839F09D","2026-10-10T00:13:29.2290842+08:00"
"Assets/Scripts\Logic\Grid\DirectionalTriangleSet.cs.meta","59","94E3B71355CFBCEFF619D8C63830318E4E3736D20130DAE68AC48EBDB441AB0D","2026-10-10T00:13:29.2298656+08:00"
"Assets/Scripts\Logic\Grid\GridDirection.cs","1142","3341150378A00566BB43FDBB0541CA2E4E0B473369F76FF74E305C585A118881","2026-10-10T00:13:29.2306621+08:00"
"Assets/Scripts\Logic\Grid\GridDirection.cs.meta","59","3BEA07414DEEAA9555BB4351534936B4DECF07A095B5B67231810EAE39036356","2026-10-10T00:13:29.2313968+08:00"
"Assets/Scripts\Logic\Grid\GridNeighborTable.cs","4552","C575F692F71D7B195539E1E9719C38F700178573A2B75407ACC354E8C92BAD3E","2026-10-10T00:13:29.2321490+08:00"
"Assets/Scripts\Logic\Grid\GridNeighborTable.cs.meta","59","6A088340C2FC6E75B04189F2BA0A1515F4F1AE15C56B4D79F03443568E808372","2026-10-10T00:13:29.2329602+08:00"
"Assets/Scripts\Logic\Grid\GridPoint.cs","2518","DC840E541A7900E56E28C9DD0617CED32F644ECA3661FECAF869513EDA9F4A9E","2026-10-10T00:13:29.2340974+08:00"
"Assets/Scripts\Logic\Grid\GridPoint.cs.meta","59","7013CC79EE56C36EDD70E3CB8546DFFBCB86A1E098F371A73F7E6094A408FA23","2026-10-10T00:13:29.2348206+08:00"
"Assets/Scripts\Logic\Grid\LogicGrid.cs","50874","221FA919C4C152B43AE9A61E0BB03D380735FF61B8C179248AB89B94BCCF6CE8","2026-10-10T00:13:29.2357498+08:00"
"Assets/Scripts\Logic\Grid\LogicGrid.cs.meta","59","EE248067BB8CDB32435C811666DC4B0731A42DB32CE23DDA73FD3F0FDD1C969C","2026-10-10T00:13:29.2364873+08:00"
"Assets/Scripts\Logic\Grid\LogicGridCodes.cs","5402","C45F9C3D94CCDF7C954362E4AB55821B2E79B1951C8285A33FCCCEB87ACCF96B","2026-10-10T00:13:29.2376187+08:00"
"Assets/Scripts\Logic\Grid\LogicGridCodes.cs.meta","59","211945C8A87F6E945D60ADF281256480E317EA85AA968C46DB68D2DA02125FD2","2026-10-10T00:13:29.2384062+08:00"
"Assets/Scripts\Logic\Grid\TrianglePoint.cs","2663","529FDB286327AB7BF78C6BF1C61A1993A5424EA27EB30D5D5233BA06530A17DD","2026-10-10T00:13:29.2392719+08:00"
"Assets/Scripts\Logic\Grid\TrianglePoint.cs.meta","59","2F56C94E07A614E19D568F60F0C309247AA7B46BA431321BDAD465D01F11ED8A","2026-10-10T00:13:29.2400661+08:00"
"Assets/Scripts\Logic\Grid\VolumeFootprint.cs","5791","D08C6210A74416BCF8C4C36013E7832FEC574F3D1921808C8921823A63407BAE","2026-10-10T00:13:29.2408812+08:00"
"Assets/Scripts\Logic\Grid\VolumeFootprint.cs.meta","59","E142123662DEF1FF8B5BEA81D7B113889B2ECFC6CA6EE395DC66C890412383F7","2026-10-10T00:13:29.2417869+08:00"
"Assets/Scripts\Logic\Ids.meta","172","803C1E1E43D10C2703E03E4894690A6AB8CDD49D89FD3E52CB1189916C952A18","2026-10-10T00:13:29.2426293+08:00"
"Assets/Scripts\Logic\Ids\ControllerId.cs","1073","CA5A1BB4E10AFF5A5D26DCCE68382A321B0C463373A7034A51D02042C9CA1E61","2026-10-10T00:13:29.2436022+08:00"
"Assets/Scripts\Logic\Ids\ControllerId.cs.meta","59","10E778AC2E3F652D5C060E0B73018D260D6E4A2F6F132AF689883773E6D0958D","2026-10-10T00:13:29.2445176+08:00"
"Assets/Scripts\Logic\Ids\DefinitionIds.cs","9553","B66E1205487AD8E33C0FD3AEAB1293CDA9A4712678ED122B447AF92A4E34A74B","2026-10-10T00:13:29.2453064+08:00"
"Assets/Scripts\Logic\Ids\DefinitionIds.cs.meta","59","E767156D2C3D6DAC63ADF84880A9500538A06A9FE0A611D67AF48169D47E5FF4","2026-10-10T00:13:29.2460982+08:00"
"Assets/Scripts\Logic\Ids\DefinitionIdValidation.cs","2054","4381C3CF9286A4176A9C3E9123711CE0DE4E9CA4DEC63B3E2EB1128ED060ECC6","2026-10-10T00:13:29.2468977+08:00"
"Assets/Scripts\Logic\Ids\DefinitionIdValidation.cs.meta","59","C760BD0BDFE8A5D2B34BA8050330B31E14AD0C079A717FA0CDCBAAFBB3586112","2026-10-10T00:13:29.2477383+08:00"
"Assets/Scripts\Logic\Ids\InstanceIds.cs","8244","C609DB48BB96B00E5EC6DC1C0E7F06864FB110E63180C517F9E869001F9DD673","2026-10-10T00:13:29.2484786+08:00"
"Assets/Scripts\Logic\Ids\InstanceIds.cs.meta","59","682A4CEE69F3C20FF3A281459952B50119B19BF86C5C592965E73B7A779B4216","2026-10-10T00:13:29.2492435+08:00"
"Assets/Scripts\Logic\Initialization.meta","172","98A833C5255B94D26CEF9C1EE47DB92E7D51F885085BABA45FBBBFD12EABC7E2","2026-10-10T00:13:29.2499850+08:00"
"Assets/Scripts\Logic\Initialization\BattleInitializer.cs","7298","D5A22943111785B11C65036A55D70BD62C42F42857ED96D388A92AD4CC072593","2026-10-10T00:13:29.2512939+08:00"
"Assets/Scripts\Logic\Initialization\BattleInitializer.cs.meta","59","0E12BEB443E3BAB895452B4E6D2AFE61EED3BD7FC2A08575F72C6146832BBBC1","2026-10-10T00:13:29.2526613+08:00"
"Assets/Scripts\Logic\Initialization\BattleRuntimeInputs.cs","5624","A8A4AB0A874AE8C35F602CA894A2A0498BFF0E91464F17B20A711B22F4E448C2","2026-10-10T00:13:29.2535172+08:00"
"Assets/Scripts\Logic\Initialization\BattleRuntimeInputs.cs.meta","59","F5F3C0DD33D45DFC5889E538ECC5CD30062156C3E6AE6C1B8EFF48D198314241","2026-10-10T00:13:29.2543023+08:00"
"Assets/Scripts\Logic\Interactions.meta","174","84DB8FC80A236892C55D1341946CDC75E1AFC3E7DA86E26FBB3729FC55BB61CA","2026-10-10T00:13:29.2553925+08:00"
"Assets/Scripts\Logic\Interactions\CombatIntent.cs","25944","F56AA7EE37434EF1F677B14AE63E08EE3F809512DEAA633509352B9D9DAA2428","2026-10-10T00:13:29.2564335+08:00"
"Assets/Scripts\Logic\Interactions\CombatIntent.cs.meta","61","685BDA7A8E06B5219CABC74FB7BF1F66B7F031D0E7C02C7FFC12FCD30F9A2192","2026-10-10T00:13:29.2572841+08:00"
"Assets/Scripts\Logic\Interactions\ConflictGraph.cs","11991","A14FFA6647555EDA64F719B2E6085F19C9D48B194C6E44A4BB96E9C15595D47A","2026-10-10T00:13:29.2580981+08:00"
"Assets/Scripts\Logic\Interactions\ConflictGraph.cs.meta","61","55289DDB8DB4BD6C4F28F3FADE2F7F5AEC4CF7FC8E2F6FE0915259BF53EC2156","2026-10-10T00:13:29.2588956+08:00"
"Assets/Scripts\Logic\Interactions\ConflictGraphBuilder.cs","8165","500CA5E1B340A3875FF18204D90ECFF71B12186CEAA9C9B97B93E38AE2EE7F23","2026-10-10T00:13:29.2596977+08:00"
"Assets/Scripts\Logic\Interactions\ConflictGraphBuilder.cs.meta","61","7F3B4D8B388E8EBC38191C99D485AF799AA1A2F232971C7519902087B0304631","2026-10-10T00:13:29.2604793+08:00"
"Assets/Scripts\Logic\Interactions\ConflictGraphInput.cs","4597","7E5398FDA3BD24CCB10AAFEE2C45E6D1163AFCF8FF0E84E3C911924E18EC3252","2026-10-10T00:13:29.2617509+08:00"
"Assets/Scripts\Logic\Interactions\ConflictGraphInput.cs.meta","61","3A017357BF71811C292B37D9F28454A95184DB4EBBF028A1619D8C3DD6F1E276","2026-10-10T00:13:29.2625597+08:00"
"Assets/Scripts\Logic\Interactions\ContactKey.cs","10237","95F8CE21A96FFC94DDB933011411D88C3F7AF1F886B3CB13C9AF9441312D55D8","2026-10-10T00:13:29.2634254+08:00"
"Assets/Scripts\Logic\Interactions\ContactKey.cs.meta","61","6B062BA17220AD70D83BD407ABDC07CEBD66BF65FA1B4B086EBF4D179E60A5F6","2026-10-10T00:13:29.2641914+08:00"
"Assets/Scripts\Logic\Interactions\ForcedDisplacementCommitter.cs","6268","7239517104451354E46DBE1C71C15A2AE4DC4AA2847441DB100E2571BDF27788","2026-10-10T00:13:29.2650176+08:00"
"Assets/Scripts\Logic\Interactions\ForcedDisplacementCommitter.cs.meta","59","892473FFB08611CDE39A1D2D25E880C6783F887886005914754AC449C211164E","2026-10-10T00:13:29.2657789+08:00"
"Assets/Scripts\Logic\Interactions\ForcedDisplacementSolver.cs","36963","D36D737C1BBBFBBCF17365B8E342A79F4F55E839D2C4BF3D7D17EFB579A78AC5","2026-10-10T00:13:29.2666844+08:00"
"Assets/Scripts\Logic\Interactions\ForcedDisplacementSolver.cs.meta","59","8820B4EFD62F1540CAC1C478601C605AA710EF2EE9F7A6FDAE0FF0F901FEAE6A","2026-10-10T00:13:29.2674477+08:00"
"Assets/Scripts\Logic\Interactions\GlobalIntentQueue.cs","4869","7EEB157F063D49E04BF86F854B735B3CA76474A5FB00A1A00013F56C4AE449D2","2026-10-10T00:13:29.2683452+08:00"
"Assets/Scripts\Logic\Interactions\GlobalIntentQueue.cs.meta","61","9685F3416F6E72D464F087CE8976BD90402861A4926AA3DCBB86AEFC9452794F","2026-10-10T00:13:29.2691098+08:00"
"Assets/Scripts\Logic\Interactions\InteractionCandidateBuilder.cs","21395","A7DC6020D3599214E651EEAED383384519B92E940997E842805860AA37361227","2026-10-10T00:13:29.2702153+08:00"
"Assets/Scripts\Logic\Interactions\InteractionCandidateBuilder.cs.meta","61","40E91521CC54373DF5C6588A97615910787FB03840200481AF62E00F02A01281","2026-10-10T00:13:29.2711873+08:00"
"Assets/Scripts\Logic\Interactions\InteractionCodes.cs","4320","7B4650ABA5A308D208F7E3D5A8AEE4D2BD82E2B1D6E1AF970C2FCDFE75FFA250","2026-10-10T00:13:29.2720987+08:00"
"Assets/Scripts\Logic\Interactions\InteractionCodes.cs.meta","61","B6D918467D43C8FD69B88815535AEC8BAE64E9F9F105B323CC369D9C5AEB2495","2026-10-10T00:13:29.2730634+08:00"
"Assets/Scripts\Logic\Interactions\InteractionCollections.cs","2356","21E309AA6A1656A9346732478ECAC8509690112EAEDC5C521ABC19FFDD085B5D","2026-10-10T00:13:29.2748439+08:00"
"Assets/Scripts\Logic\Interactions\InteractionCollections.cs.meta","61","6D643D5B68253B46923BF8806889B27E9C19D7E2118BB7C340B60F559D2E2D18","2026-10-10T00:13:29.2758926+08:00"
"Assets/Scripts\Logic\Interactions\InteractionSpace.cs","5504","DAE8CBBB0D5323F79508200DF0EEA2DF7FF46F71925392DF27B1E177CCD09E38","2026-10-10T00:13:29.2771287+08:00"
"Assets/Scripts\Logic\Interactions\InteractionSpace.cs.meta","61","D39783F71387023803B8D8E3F6BE315BEADEFD3C0E41B0B2BBA1DB2C316958D7","2026-10-10T00:13:29.2780123+08:00"
"Assets/Scripts\Logic\Interactions\StagedConflictResolution.cs","18872","D79462D8743E5FCE916F1E163A445AD183DA25B0A66F6F39380EA33C27F390DF","2026-10-10T00:13:29.2791026+08:00"
"Assets/Scripts\Logic\Interactions\StagedConflictResolution.cs.meta","59","37219C963B256BFD530BB5D427A5A81C3DB9DAAE59F343246845E6F8A43F9A43","2026-10-10T00:13:29.2799269+08:00"
"Assets/Scripts\Logic\Interactions\StagedConflictResolver.cs","46579","B0960C048CF32CAEEEBBA539C7000DB05707128B010C5C88E8B55DB4756C1339","2026-10-10T00:13:29.2809847+08:00"
"Assets/Scripts\Logic\Interactions\StagedConflictResolver.cs.meta","59","9CBCDB13A83011702ADD6D39B42F994E7AE5CCDE097E6DE5D8A75BF7AFC87449","2026-10-10T00:13:29.2818498+08:00"
"Assets/Scripts\Logic\IsExternalInit.cs","489","CB1E5BA09345942D5706ABA9BC6EDCAEB4049D7AD6D2C248AF1B6B613765CEA3","2026-10-10T00:13:29.2827976+08:00"
"Assets/Scripts\Logic\IsExternalInit.cs.meta","59","075F3302858FE31CD20B05B7A098E610E215D70607F892F98485F94785F08CB6","2026-10-10T00:13:29.2835329+08:00"
"Assets/Scripts\Logic\LogicDefinitionException.cs","782","4CD9E7A0566FA0D4FF800DD3D350FC60E5E8C79B7FE6759B9FD10B84ECE5E783","2026-10-10T00:13:29.2844340+08:00"
"Assets/Scripts\Logic\LogicDefinitionException.cs.meta","59","B0473F3D9090934B9DC0249D6B20F258C7BC5674BC473785940785440ABBD319","2026-10-10T00:13:29.2852359+08:00"
"Assets/Scripts\Logic\Movement.meta","172","070DFBD7F75F34F249E2692013D65B94A2ADF1279752E54E9BBBB73D85A33C07","2026-10-10T00:13:29.2862905+08:00"
"Assets/Scripts\Logic\Movement\DodgeRelocationAuthority.cs","56954","2853523C426C2E7B86BD14E2563FD56071EDD3B8701F2DE409322C077D28FFD1","2026-10-10T00:13:29.2877788+08:00"
"Assets/Scripts\Logic\Movement\DodgeRelocationAuthority.cs.meta","59","9A5A7C0663874A6081E787C36D59A40E96B505AA049EFBD405B106A9B61156B1","2026-10-10T00:13:29.2891118+08:00"
"Assets/Scripts\Logic\Movement\LogicGridMovementAuthority.cs","39496","2C3822DC9496FD1753E23968FC75A59084A45A1A8F94C86A595ABEECCCBD0FD1","2026-10-10T00:13:29.2901748+08:00"
"Assets/Scripts\Logic\Movement\LogicGridMovementAuthority.cs.meta","59","12BDFCB83EE3CED60D714987CBF7145E0CC3655A1E154B73F89AEF914CFDBE39","2026-10-10T00:13:29.2910260+08:00"
"Assets/Scripts\Logic\Movement\LogicGridMovementPathCalculator.cs","5996","4021735B8E58649B755BDC6578282197BDE2FA4F98541D28A6182E274589D9C5","2026-10-10T00:13:29.2919814+08:00"
"Assets/Scripts\Logic\Movement\LogicGridMovementPathCalculator.cs.meta","59","B9C91C893262DBDECC2CDF12C37B93B4012B432D10FEFB94F8198D4585D959B8","2026-10-10T00:13:29.2928245+08:00"
"Assets/Scripts\Logic\Movement\LogicPathfinder.cs","13017","5C513F9A1F910A5FEEA38AA6935C04DD627C988D46ABA68D58CFCBC8CAA9AAFA","2026-10-10T00:13:29.2936260+08:00"
"Assets/Scripts\Logic\Movement\LogicPathfinder.cs.meta","59","63F2F319E37503899FAFA2C506CAAADEC62EA5D1D821F0F19EB148D29E3A86CF","2026-10-10T00:13:29.2944422+08:00"
"Assets/Scripts\Logic\Movement\MovementSegment.cs","7567","5AE16686098BDA31E7D323E7B30FD21F3CE5E1B8AB83618ED3E3F5CE01820D36","2026-10-10T00:13:29.2953001+08:00"
"Assets/Scripts\Logic\Movement\MovementSegment.cs.meta","59","80AC7C5A8334A3708B924D4D0F630C4430D1F96E5081FEBA5B0FAFBE4B0A48F5","2026-10-10T00:13:29.2960787+08:00"
"Assets/Scripts\Logic\Movement\Reservation.cs","4227","34BE410B4ABEBEC826C6DF2BCB64BFBB60AFD093C8837C362E62FF028474880D","2026-10-10T00:13:29.2968938+08:00"
"Assets/Scripts\Logic\Movement\Reservation.cs.meta","59","976D00563CF481AED44E040EB1A1C8C252017764678B60CCB0628CC4A6A37D89","2026-10-10T00:13:29.2976827+08:00"
"Assets/Scripts\Logic\ProjectHero.Logic.asmdef","367","2FEAC2599C13F66C5079AABEB243F69303658733610D090A20E5E497F2694BBA","2026-10-10T00:13:29.2985202+08:00"
"Assets/Scripts\Logic\ProjectHero.Logic.asmdef.meta","166","E6A2001D70E24F08D0F83F469C4ABFE8BD7359513488276FC2465B392D0C2023","2026-10-10T00:13:29.2993985+08:00"
"Assets/Scripts\Logic\Replay.meta","172","7762D2946CB1571E8C8E3ABB26FD9D6921DA0F7FC963632EF3902C39B252728A","2026-10-10T00:13:29.3003473+08:00"
"Assets/Scripts\Logic\Replay\ReplayAuthorityInput.cs","31972","FB65A7FF60AAB171DE77F28BC437759C098B1E8E4E5E1875F9A2BEAFB4DA049C","2026-10-10T00:13:29.3011990+08:00"
"Assets/Scripts\Logic\Replay\ReplayAuthorityInput.cs.meta","59","E498D57EBF156549BA1239825ACB176FD40183CC8270A84588E2B9C0C2816992","2026-10-10T00:13:29.3021375+08:00"
"Assets/Scripts\Logic\Replay\ReplayContracts.cs","6757","7582347416E5296A8625A6A9E3F6A2ECD656089B6FE3469378E12DE508243131","2026-10-10T00:13:29.3029595+08:00"
"Assets/Scripts\Logic\Replay\ReplayContracts.cs.meta","59","2948B088DB3C58B89FAA9D6DF46A40F32A36A9B46F9CEBE9A517E94F55314974","2026-10-10T00:13:29.3037859+08:00"
"Assets/Scripts\Logic\Replay\ReplayEventComparison.cs","3736","30E9EAAF75963599963B1CE078DF3FAEABDF9D40B6AA112CB217526FDEE826E4","2026-10-10T00:13:29.3047160+08:00"
"Assets/Scripts\Logic\Replay\ReplayEventComparison.cs.meta","59","4AD8312ECC000CEAC5DC902E5648E9FABA712B511CD947E02D82DC94FAE4988C","2026-10-10T00:13:29.3056118+08:00"
"Assets/Scripts\Logic\Replay\ReplayFile.cs","11931","08586F3FC069C470514F9E2E384C6FC75259D220260133E0EC0B2CDB0CC92579","2026-10-10T00:13:29.3065199+08:00"
"Assets/Scripts\Logic\Replay\ReplayFile.cs.meta","59","17AEFBEFD5E3B08A0B5A50CA29F6B437AD95E0C55FB48B1316B48DB62BA01A67","2026-10-10T00:13:29.3074188+08:00"
"Assets/Scripts\Logic\Replay\ReplayPlayer.cs","7903","33C5A80C151C582CE77E885B40D58F742C26E196383D80FFA18AF43C25531BC5","2026-10-10T00:13:29.3082154+08:00"
"Assets/Scripts\Logic\Replay\ReplayPlayer.cs.meta","59","A5F27A577E457F443DA5BFF1BCCDB84455B73B525F8929C9D7654614D7B9A5AD","2026-10-10T00:13:29.3090132+08:00"
"Assets/Scripts\Logic\Replay\ReplayRecorder.cs","2762","7BDADE812B99D02B73CC74E5F96A3C6DC351B4076205D8805B2FE34DD860708A","2026-10-10T00:13:29.3097646+08:00"
"Assets/Scripts\Logic\Replay\ReplayRecorder.cs.meta","59","DBB625FC97CDEF6919579F6004F2FD8397EFEE49F4E77CD4EEF0DF7B3D1C9CC0","2026-10-10T00:13:29.3104824+08:00"
"Assets/Scripts\Logic\Resources.meta","172","F03FB97058C0831DE595F67CFC08AF0E76525C4BE60E3304795A1773DBFC6BAC","2026-10-10T00:13:29.3114904+08:00"
"Assets/Scripts\Logic\Resources\AdrenalineLedger.cs","22587","65BA33FDDA295EE8E6A287A18AE699A9AF8FA4DD815CEC120BD6B443F489FAB1","2026-10-10T00:13:29.3123450+08:00"
"Assets/Scripts\Logic\Resources\AdrenalineLedger.cs.meta","59","E199FCE47C1A58B6252A6D21CF14154C7F5BC99879A2B05D8FAF41CEA31A841F","2026-10-10T00:13:29.3131679+08:00"
"Assets/Scripts\Logic\Resources\AdrenalineLedgerRegistry.cs","8380","121E971F2C23ACA87B411F70F7D0E4CD96B5BDFEB4F5F722EA11E9FB3367AC6E","2026-10-10T00:13:29.3139541+08:00"
"Assets/Scripts\Logic\Resources\AdrenalineLedgerRegistry.cs.meta","59","71A8598395FC79F2BFD9EDE1F6D625F4CA385D1BE8E6C2B68B32B7978DF9B3E0","2026-10-10T00:13:29.3147322+08:00"
"Assets/Scripts\Logic\Simulation.meta","172","D005C2C29670DAEE3119BF5B37242924EE63EFB7B4147CD5B65F5D7E02AA7341","2026-10-10T00:13:29.3154976+08:00"
"Assets/Scripts\Logic\Simulation\AreaThreatCandidateSource.cs","8274","FCCA13D9E3C5AF0051CC87C98BAF51B46D7AEB5595B9B46A0C60CF763EB77D67","2026-10-10T00:13:29.3163515+08:00"
"Assets/Scripts\Logic\Simulation\AreaThreatCandidateSource.cs.meta","59","6EFB08F57DF5C3DACE82C26BAE18A821B67BEBA7C6B157C96847192A701575BE","2026-10-10T00:13:29.3172590+08:00"
"Assets/Scripts\Logic\Simulation\BattleSimulation.cs","245659","DC6BB4628FDF2D293E5B19AAB66AA11CEFBF10684200C1180535E6238DF0259D","2026-10-10T00:13:29.3183053+08:00"
"Assets/Scripts\Logic\Simulation\BattleSimulation.cs.meta","59","24A607045B206F1C6E544E89EE198EEFC40A416E0B5FD39F4FDE93012907F15C","2026-10-10T00:13:29.3190897+08:00"
"Assets/Scripts\Logic\Simulation\ConflictGroupResolutionCommitSystem.cs","10180","99B80348B967FBC2C2859FE60FDC9EF869DF83177EE9894A456D27A43CC72A6D","2026-10-10T00:13:29.3203767+08:00"
"Assets/Scripts\Logic\Simulation\ConflictGroupResolutionCommitSystem.cs.meta","59","E9504C9D9802B6C7296D7CEF67F7447A248EADA63F7531A9EAFE0842ABB494A0","2026-10-10T00:13:29.3216000+08:00"
"Assets/Scripts\Logic\Simulation\ProductionBattleComposition.cs","5251","1E2B5D1C71A0A15FCC3D68F3AB43682E2E9F74063F4863A32D8FF8A4BE452284","2026-10-10T00:13:29.3230932+08:00"
"Assets/Scripts\Logic\Simulation\ProductionBattleComposition.cs.meta","59","92EC0B35A196553C97A16BC391B9D1D18E61E1E48D1B7CFE87139CFCC94B2307","2026-10-10T00:13:29.3243473+08:00"
"Assets/Scripts\Logic\Simulation\ResolutionIntegrationConsumers.cs","16741","7FBFE9376475E2380F667C9951C8D6D4028BF3EB1E4AD295C5F5A8BFFA5BCE70","2026-10-10T00:13:29.3254273+08:00"
"Assets/Scripts\Logic\Simulation\ResolutionIntegrationConsumers.cs.meta","60","4DD5D69ED8A809D39266B4F7D734AA9C4CAE514F4AE0BC91B4E5810F4A4CA9E4","2026-10-10T00:13:29.3263495+08:00"
"Assets/Scripts\Logic\Simulation\SimulationPhaseSystems.cs","40880","9EBB88F12E3B9015412D95BFEB8B0252F70590C53ECA7155217A33842A23664E","2026-10-10T00:13:29.3273098+08:00"
"Assets/Scripts\Logic\Simulation\SimulationPhaseSystems.cs.meta","59","EDA761ECE2C67D75C26BC8D8CB27F38B123BC41E59CBAE18B3AFB541932D7A99","2026-10-10T00:13:29.3281184+08:00"
"Assets/Scripts\Logic\Simulation\StepPhase.cs","11035","BA58AE7F50A78C6FC4DA89F9199AB13C7835BFFD1BAF9EADFA2B7A3AC6A9BA67","2026-10-10T00:13:29.3289862+08:00"
"Assets/Scripts\Logic\Simulation\StepPhase.cs.meta","59","2AD629451FB32744CD1B1B8D2C4D509545F259F8ABF1AEBFEFCD1778DCB01A94","2026-10-10T00:13:29.3297425+08:00"
"Assets/Scripts\Logic\Simulation\StepResult.cs","2209","F807F820B14E2CEA3AC08555CFD6103CAD81294223E1A9A42CE6F96FA301908A","2026-10-10T00:13:29.3305528+08:00"
"Assets/Scripts\Logic\Simulation\StepResult.cs.meta","59","DE0ABD806A890BF03AA3542FE7216DAD92BC0ABF584E1F00C3011FD9F97AB490","2026-10-10T00:13:29.3313697+08:00"
"Assets/Scripts\Logic\Simulation\TurnWindow.cs","1542","64D97E79E82F639B6EB3811BCAE4E8A0E91EA1A8F96CB507F359505CA01A083C","2026-10-10T00:13:29.3321510+08:00"
"Assets/Scripts\Logic\Simulation\TurnWindow.cs.meta","59","1E969FB82EF51D271A22E4BD93004416A05F775C3FD139314E15184DD055E9D9","2026-10-10T00:13:29.3333568+08:00"
"Assets/Scripts\Logic\Snapshots.meta","172","8119135AB236B60FEC33A7037EEA6DCA88197844DD740D6C4D21764FEF1EB104","2026-10-10T00:13:29.3342843+08:00"
"Assets/Scripts\Logic\Snapshots\DecisionSnapshot.cs","16263","CE8FC8BD2EC6EEF5818C4A39B12A82887F75FACD9DF4B5827685F5380EBE582F","2026-10-10T00:13:29.3351484+08:00"
"Assets/Scripts\Logic\Snapshots\DecisionSnapshot.cs.meta","59","603690D6C475E5B17D02E24222145B81908DB4CDA3D2A4EE52EFD8C6B0A1C920","2026-10-10T00:13:29.3361182+08:00"
"Assets/Scripts\Logic\Snapshots\HistoryArchive.cs","18878","AA5E3BDBCA52FE2C359B0E14B3003BE58156A4605E7B7FCDAA64B19DEA443920","2026-10-10T00:13:29.3371136+08:00"
"Assets/Scripts\Logic\Snapshots\HistoryArchive.cs.meta","59","9B561D741838F109214A42FF77F62B1C828A9755843C63A26917FAC6A315F9E7","2026-10-10T00:13:29.3378982+08:00"
"Assets/Scripts\Logic\Snapshots\InteractionSnapshotProjection.cs","11934","12B4C153B85A2DA9BC019BA81D87CC4B1646907314022A1AC7AAABE8DA6E2AFA","2026-10-10T00:13:29.3387468+08:00"
"Assets/Scripts\Logic\Snapshots\InteractionSnapshotProjection.cs.meta","60","52DA370C79646E5C039A661A33CA8BF09DADEE94906BE451E5D29543BD44BB14","2026-10-10T00:13:29.3395079+08:00"
"Assets/Scripts\Logic\Snapshots\LogicSnapshot.cs","56653","0829B0425A69D29084221EBCBD73120A25DCA9646C497463B734AAA0088E2390","2026-10-10T00:13:29.3406997+08:00"
"Assets/Scripts\Logic\Snapshots\LogicSnapshot.cs.meta","59","03DADE36AD8D0AF52A3538D572236FDB5CD2CC5FB353984943D3B94B2D219131","2026-10-10T00:13:29.3414862+08:00"
"Assets/Scripts\Logic\Snapshots\MovementSnapshotProjection.cs","2849","9D1B7D1226C74D99DB356F58BB56D900E67AE2FA03AF0A9A1B55F46D4641F7E2","2026-10-10T00:13:29.3423511+08:00"
"Assets/Scripts\Logic\Snapshots\MovementSnapshotProjection.cs.meta","59","982C911DD0B0CA7B9773E651393E18EE616F6F658E0302443E95898614198A92","2026-10-10T00:13:29.3432071+08:00"
"Assets/Scripts\Logic\Status.meta","172","FA652F678A9810BB2A86FE8403582B718A961E0BA4DBA8C188A3E5E85CA01E6F","2026-10-10T00:13:29.3439931+08:00"
"Assets/Scripts\Logic\Status\BuffSystem.cs","24138","2F46BE4720C247793F66250042223C381C081F0C5DC59DA6FBBB311CCCB0C0BC","2026-10-10T00:13:29.3447936+08:00"
"Assets/Scripts\Logic\Status\BuffSystem.cs.meta","59","0E5CE5D8B90EF9E93FDC6EE3CFB0F929D68ABED3E67DF4E3DC3C044CC0718B48","2026-10-10T00:13:29.3455318+08:00"
"Assets/Scripts\Logic\Status\StatusEffectSpec.cs","4808","FC30B2C766C14FFCA29E9B36DB8B73C533E132D4014FFBEE1CD12CB0B78876D1","2026-10-10T00:13:29.3462921+08:00"
"Assets/Scripts\Logic\Status\StatusEffectSpec.cs.meta","59","FCFDAA2FB221229E8A941A3B4FB0263446C6A92B14D0FE0748E388DD59E83C74","2026-10-10T00:13:29.3470119+08:00"
"Assets/Scripts\Logic\Timeline.meta","172","166A0E15A27DC8134DBF3266A235ADF44D38738EC12A93E1F7A0F67E39F5D542","2026-10-10T00:13:29.3477832+08:00"
"Assets/Scripts\Logic\Timeline\ActionPlanCommandProcessor.cs","11757","0F3FBF108B27325C4BFEBA1AC64F3DE5A213EB9FBC1A63C5810A016FBB01E864","2026-10-10T00:13:29.3485706+08:00"
"Assets/Scripts\Logic\Timeline\ActionPlanCommandProcessor.cs.meta","59","44EB71AC1162803C6F878F1AC238F1794E95B21807885038EF6216E4E3E27888","2026-10-10T00:13:29.3493097+08:00"
"Assets/Scripts\Logic\Timeline\ActionPlanFactory.cs","16590","3B8132A49941673C0FA959DCFBBB74A75AA56EA53780FCB409B0D6D6E0DDF7D9","2026-10-10T00:13:29.3501047+08:00"
"Assets/Scripts\Logic\Timeline\ActionPlanFactory.cs.meta","59","FB65BED7615D3962E3012E7554E1AFFD4E37E1A351A966ADEE542EB6100B965D","2026-10-10T00:13:29.3509381+08:00"
"Assets/Scripts\Logic\Timeline\ActionPlanRegistry.cs","5124","D46E4659889AA8451C88E89E20F61D910505F44BBEBA9253BC8A074932046778","2026-10-10T00:13:29.3518060+08:00"
"Assets/Scripts\Logic\Timeline\ActionPlanRegistry.cs.meta","59","C91AC5EFA206D353F7E10E5A167B71D566C0481A1822AD47DE0660CD0BA611A0","2026-10-10T00:13:29.3528150+08:00"
"Assets/Scripts\Logic\Timeline\ActionPlanTerminalArchiveSource.cs","3841","7CD2985FF3A127390DE34AA466C4B2CD7042636E20739E60FEAB5CC28B2E6B3E","2026-10-10T00:13:29.3537191+08:00"
"Assets/Scripts\Logic\Timeline\ActionPlanTerminalArchiveSource.cs.meta","59","A1EA5EBB639FDFF7F5463177A6DD5004FE07395BBA3E0E9DC7F6F9CE943E7FAF","2026-10-10T00:13:29.3545899+08:00"
"Assets/Scripts\Logic\Timeline\ActionPlanTerminalCoordinator.cs","14910","B7529FE3DA9A755D76DF2E67E7A2FA86F77B5167427DED3C903DC131C1B74683","2026-10-10T00:13:29.3558034+08:00"
"Assets/Scripts\Logic\Timeline\ActionPlanTerminalCoordinator.cs.meta","59","40E2064FDE9AC41DF9A71617B5E070203C1C48F39501EFD7E3D6A85A711F7AE6","2026-10-10T00:13:29.3566280+08:00"
"Assets/Scripts\Logic\Timeline\ActionScheduleAuthority.cs","14098","E582514096E7465D066E1C7505996D286E960CFFA4CFDADAE0E40C5753756E85","2026-10-10T00:13:29.3574148+08:00"
"Assets/Scripts\Logic\Timeline\ActionScheduleAuthority.cs.meta","59","CF7BE61C0AAC1092C7DE99AAA06F45725597534D79C54C425F7DC9346BDB686E","2026-10-10T00:13:29.3582432+08:00"
"Assets/Scripts\Logic\Timeline\ActionStartCommitPort.cs","7767","55C2F710C61FB57E14436340F7BBBF23728020B12139AEF13F72B27700CC0135","2026-10-10T00:13:29.3590412+08:00"
"Assets/Scripts\Logic\Timeline\ActionStartCommitPort.cs.meta","59","4FFF7457831C5A4713FDB5F84B823920C1AFDD89E1885683F71584C4A4F18B63","2026-10-10T00:13:29.3597735+08:00"
"Assets/Scripts\Logic\Timeline\ActionStartGate.cs","15065","AF087B04942A3EC7118A38A691FFDD5522C59E91868719520E08A7D0D979F78E","2026-10-10T00:13:29.3606958+08:00"
"Assets/Scripts\Logic\Timeline\ActionStartGate.cs.meta","59","7F939D256E95066D07C7DBECAE694682B29B0A1B090B2003A4A41B5AFBCCC5B9","2026-10-10T00:13:29.3615583+08:00"
"Assets/Scripts\Logic\Timeline\ActorLane.cs","16206","752861611200C8F9EE0081255F8D0A52A11935BCF3BEF1F80C784212D277F8F2","2026-10-10T00:13:29.3623628+08:00"
"Assets/Scripts\Logic\Timeline\ActorLane.cs.meta","59","51559E23E0E55F400EF16EEA2D316FA86602FE225DC746AF6551F35980BE3D10","2026-10-10T00:13:29.3631254+08:00"
"Assets/Scripts\Logic\Timeline\DodgeMovementInvalidationSeam.cs","16319","026DCCB34015B64EC5FEA5074BE1997E68FC00318ECAA6C5C24BC0E4BAC638DD","2026-10-10T00:13:29.3649951+08:00"
"Assets/Scripts\Logic\Timeline\DodgeMovementInvalidationSeam.cs.meta","59","7A488B2CFEED98D255D18751E130F2B1A2711A7EAFE6E0C7D8A72E34E3D433A2","2026-10-10T00:13:29.3659269+08:00"
"Assets/Scripts\Logic\Timeline\ReactionCodes.cs","3121","DEA984A45886CC11241B437E9A7C0048C9CBA0FB4C23A8B1DED7B1B09E905671","2026-10-10T00:13:29.3669395+08:00"
"Assets/Scripts\Logic\Timeline\ReactionCodes.cs.meta","59","6028E8B84AA9FF3DC96F4C266D8880D0730C0CC44D6D61C28487831097571E71","2026-10-10T00:13:29.3677255+08:00"
"Assets/Scripts\Logic\Timeline\ReactionCommandPlanner.cs","7108","532929B014CF047EE6583D35B45B83552EFAE81919ED059A77F7F436FB1FEAC1","2026-10-10T00:13:29.3686431+08:00"
"Assets/Scripts\Logic\Timeline\ReactionCommandPlanner.cs.meta","59","780F2CC075054329AA4934A881C1BE097364E543ABC60F8C326607F53C00B75A","2026-10-10T00:13:29.3694690+08:00"
"Assets/Scripts\Logic\Timeline\ReactionOpportunitySystem.cs","61571","68D4D5D215229107CC9A644E2A5741B0995033B3205C3F5E0965D69FBAD84FFE","2026-10-10T00:13:29.3708016+08:00"
"Assets/Scripts\Logic\Timeline\ReactionOpportunitySystem.cs.meta","59","70EA22B64C8267B0DAF0EB501959F3DBF2546EDCEEDF6B40C7AEBC30988D7657","2026-10-10T00:13:29.3721032+08:00"
"Assets/Scripts\Logic\Timeline\ReactionPlanner.cs","14691","6A7E08D3C858235AA895FDC558781638F1B00BC171C036240212F14E1764EFE1","2026-10-10T00:13:29.3733098+08:00"
"Assets/Scripts\Logic\Timeline\ReactionPlanner.cs.meta","59","E792766CBBE9DD0FA40C8D77CE7A2EE4ACB440CDDACD0DA779B1884568CD0BF8","2026-10-10T00:13:29.3742217+08:00"
"Assets/Scripts\Logic\Timeline\ScheduleCodes.cs","9435","C896DE97F6443A8A9602E12ED473B3C5735D7BA57FBC7D89888F5546565D0550","2026-10-10T00:13:29.3751096+08:00"
"Assets/Scripts\Logic\Timeline\ScheduleCodes.cs.meta","59","C4635B36B6466802C17526345A6AD7D8E4730C82BAE76ECAF6E7F1287C300C51","2026-10-10T00:13:29.3759438+08:00"
"Assets/Scripts\Logic\Timeline\ScheduleEditor.cs","75776","C50D8964664E2DC1C9AABD3A57DE825B4A328AE25E92356165C5B27ADFA8E7B6","2026-10-10T00:13:29.3768661+08:00"
"Assets/Scripts\Logic\Timeline\ScheduleEditor.cs.meta","59","7024687F8E32E65DB7FF1BC6628B8860EA4F5CBF71E2E340684551B9CE91C760","2026-10-10T00:13:29.3776712+08:00"
"Assets/Scripts\Logic\Timeline\ScheduleEvaluator.cs","37968","97D84CF39781AEC0A10782B684BAFC0D00E2CAACE000A7555B947AB0F6DF67CB","2026-10-10T00:13:29.3785722+08:00"
"Assets/Scripts\Logic\Timeline\ScheduleEvaluator.cs.meta","59","91536A5C2889286EB114B625F09D03A02001FF5618E32B1FA0F60FB8B5B91CC4","2026-10-10T00:13:29.3794071+08:00"
"Assets/Scripts\Logic\Turns.meta","172","FDA74D061B5EADF7BD0823525A09C15FD199C515E2E9B2F3CF67BE0A957AC6F9","2026-10-10T00:13:29.3802680+08:00"
"Assets/Scripts\Logic\Turns\BudgetAndAdrenalineCleanupParticipant.cs","6041","619D666B5E4B15F3BBE953091432E4E9B9DC56CF7A122833E3D022866055442A","2026-10-10T00:13:29.3811556+08:00"
"Assets/Scripts\Logic\Turns\BudgetAndAdrenalineCleanupParticipant.cs.meta","59","113E7C0FCA57F868E53BED566E58C72DD105C7285EA79F5956DA9CF77E0FB80F","2026-10-10T00:13:29.3820051+08:00"
"Assets/Scripts\Logic\Turns\ConcurrentActionSystem.cs","9237","F0EC667FB50E5129A239C041C281863FBF7764A70D7E93C051149E684A2154AE","2026-10-10T00:13:29.3828755+08:00"
"Assets/Scripts\Logic\Turns\ConcurrentActionSystem.cs.meta","59","70043A8D7FD7FFE8B393C2EB7AF61062A0E4C968539B159F3175BC83F34EF57C","2026-10-10T00:13:29.3836658+08:00"
"Assets/Scripts\Logic\Turns\ScheduleBudget.cs","21304","68A488BB4BDDD9254F16B2C1B863658953DF3B49CBD85389D4FCF425FD692444","2026-10-10T00:13:29.3849428+08:00"
"Assets/Scripts\Logic\Turns\ScheduleBudget.cs.meta","59","3BA489D41B5F5D6F73951B48AF989837F1E65C9DF94D9A5B47CE737F05C19724","2026-10-10T00:13:29.3858173+08:00"
"Assets/Scripts\Logic\Turns\TurnWindow.cs","18319","19998CC549125B04FFD6AE10C2538AD66DBAEE29CD3523F4D8CD48226804D54B","2026-10-10T00:13:29.3867679+08:00"
"Assets/Scripts\Logic\Turns\TurnWindow.cs.meta","59","540B4D9C54CCC9D9F4345C4D5E7FD09BE68ABE9137A07D62E6461D25C3E3DCC7","2026-10-10T00:13:29.3876795+08:00"
"Assets/Scripts\Logic\Turns\TurnWindowManager.cs","24277","7AFC14A01E903451625167E68C0F4C388C7C9D9BEDBB174B4F3011E0BE692B27","2026-10-10T00:13:29.3891830+08:00"
"Assets/Scripts\Logic\Turns\TurnWindowManager.cs.meta","59","0E150F3089199D0941CA100B65248D88A7146105F36CD6A890A5EB7F7AB5A8EB","2026-10-10T00:13:29.3905597+08:00"
"Assets/Scripts\Logic\Units.meta","172","708890B69C2A93F46744F0DABBF202E00E2F5649C1F87240F4ED62136C4E2196","2026-10-10T00:13:29.3914909+08:00"
"Assets/Scripts\Logic\Units\UnitState.cs","7737","F0E2BC5DCE9A31AEB08A7CE0B97041E9F257F185364A552BF716E3A4BA9032D0","2026-10-10T00:13:29.3923587+08:00"
"Assets/Scripts\Logic\Units\UnitState.cs.meta","59","1B0110B6395F260E4115A1C790E6433149EBAFFC5C1C893980116B84D96B78CD","2026-10-10T00:13:29.3931325+08:00"
"Assets/Scripts\Logic\Units\UnitStateMachine.cs","20374","D37D3AEA836D8DD5D69D3878081ABFAC650987AF82BA1C3A1603836552943BF7","2026-10-10T00:13:29.3941230+08:00"
"Assets/Scripts\Logic\Units\UnitStateMachine.cs.meta","59","893A47EECD816AE5E749586DF771482BEAD27C60798A5B29A47C43991358A95E","2026-10-10T00:13:29.3949165+08:00"
"Assets/Scripts\README.md.meta","165","6D3753407D1B7B99946159CEC7AEDB8E38094129BA2B9A08DEA023917067E106","2026-10-10T00:13:29.3957907+08:00"
"Assets/Scripts\UI.meta","180","E93F5289DD70E29B40252A229FF1C3183DDB53E8B678AC145C099AAD75FB90DC","2026-10-10T00:13:29.3967264+08:00"
"Assets/Scripts\UI\ActionButton.cs","1734","D7C0AE93276C3426EFAED8D428A0DC3F40E9602903B287C75AB48F3D656EADB7","2026-10-10T00:13:29.4062265+08:00"
"Assets/Scripts\UI\ActionButton.cs.meta","60","7EE05ACC6ABF9E50485BC7A75F6AE47E9B171D5BC3D84115C9C089C1EED2A7BD","2026-10-10T00:13:29.4071805+08:00"
"Assets/Scripts\UI\HUDManager.cs","953","5FD60E975DAEDC10C5A5ADBB60896B574266B253D940CBB27E21D6090CEA4311","2026-10-10T00:13:29.4179668+08:00"
"Assets/Scripts\UI\HUDManager.cs.meta","60","B632CCB4690E3FF82094ACE2156501201EC0EA3A9D5F40A775167E0AFAB71CA2","2026-10-10T00:13:29.4188161+08:00"
"Assets/Scripts\UI\Timeline.meta","180","C1364B03EF50EE11FBFD7879562C4784B4191DE3A6A9618EBF19307E5F40987D","2026-10-10T00:13:29.4196141+08:00"
"Assets/Scripts\UI\Timeline\TimelineActionPlacement.cs","995","ACB3BD3125D49856B27AFB0B33FC5206F37B99531432F20F889D8F16F2BA49FB","2026-10-10T00:13:29.4308799+08:00"
"Assets/Scripts\UI\Timeline\TimelineActionPlacement.cs.meta","60","30DEADFE9008997817E57BBFA89B230671E51560B116504FB383FB867101FA00","2026-10-10T00:13:29.4320297+08:00"
"Assets/Scripts\UI\Timeline\TimelineBlockView.cs","7197","5D00409AC687BD4D6C6B723863A30A7AEDD77FC6CBD00D690EDB603C4774BE15","2026-10-10T00:13:29.4407587+08:00"
"Assets/Scripts\UI\Timeline\TimelineBlockView.cs.meta","60","E9AB88983883A3B7DA538B4EBBF56D0B819B3AC6E2C59C2A0C661B9A4D40D396","2026-10-10T00:13:29.4416469+08:00"
"Assets/Scripts\UI\Timeline\TimelineEditorUI.cs","79053","84190047B5B4564FC0E5E35B54689E8D57CE23032C27716034BF34F92909E07B","2026-10-10T00:13:29.4425141+08:00"
"Assets/Scripts\UI\Timeline\TimelineEditorUI.cs.meta","60","C21C0D5A4DFA51EE6613C3BB357B6F03211A7AAD3C668B83F48D9019670B0D79","2026-10-10T00:13:29.4432995+08:00"
"Assets/Scripts\UI\UIManager.cs","12521","859090536A987B78C5451EE549A929257F33B4B0D85F9B30DCC677584C062164","2026-10-10T00:13:29.4546392+08:00"
"Assets/Scripts\UI\UIManager.cs.meta","60","EE33F5D6C668C76D0FDE1FF6E3C267E2720299FCA923BAF2D1FBE45F9CF3C22D","2026-10-10T00:13:29.4560364+08:00"
"Assets/Scripts\UI\UnitStatusHUD.cs","4978","81545D1B7F7A7D8A806E8BCFC6BE809B7668F4A3497913520DDE2F5BB8D80BEB","2026-10-10T00:13:29.4627829+08:00"
"Assets/Scripts\UI\UnitStatusHUD.cs.meta","60","1AD19168E61963EF75A69F890E6B1D6E358E29FBB58D6C8AE2BDE0604D025647","2026-10-10T00:13:29.4638358+08:00"
"Assets/Scripts\UnityView.meta","172","835AADCB784BBC3091B70653342D50E8C01212BD4EC2A823C7553A969E62879F","2026-10-10T00:13:29.4647777+08:00"
"Assets/Scripts\UnityView\BattleRuntimeBootstrap.cs","78455","72DB08FBA0A98F2F714590C9AB6BD7B7F0A2C942978A9A35FE8D994E45BFE915","2026-10-10T00:13:29.4656142+08:00"
"Assets/Scripts\UnityView\BattleRuntimeBootstrap.cs.meta","59","36165232CBC3398A9FFE0D764A65C83D800694F51C24F66AB86167E5A9EB2E8C","2026-10-10T00:13:29.4663891+08:00"
"Assets/Scripts\UnityView\BattleRuntimeLifecycle.cs","3883","88DFDE1FAA9865D2070E20A56D77540346B8676EE0268D395D8007B75E8977CB","2026-10-10T00:13:29.4671392+08:00"
"Assets/Scripts\UnityView\BattleRuntimeLifecycle.cs.meta","59","C530740B11B1BA5E315B273B6CB598D4202C484439F54BDFDA8E5FCEBB182FB9","2026-10-10T00:13:29.4678684+08:00"
"Assets/Scripts\UnityView\BattleRuntimeMode.cs","2964","277E3613DB207FDEBF4CBC5216CD7643A7EBEB336DF13203DBFA14C27210714A","2026-10-10T00:13:29.4685732+08:00"
"Assets/Scripts\UnityView\BattleRuntimeMode.cs.meta","59","276C5634A410BF86381A6DC4E12406A76F610CE9CD0D67F7F90F30711EA8F70D","2026-10-10T00:13:29.4692282+08:00"
"Assets/Scripts\UnityView\BattleViewRegistry.cs","2452","086FF293A850D3F4EC25C1A5EEBB7929E76117A7BEE1E50205C9470C7DBC3CA5","2026-10-10T00:13:29.4699512+08:00"
"Assets/Scripts\UnityView\BattleViewRegistry.cs.meta","59","78B9C9A6B021E6B6E540349F2909F2C5248EE04CAED15DC1AEEF5BF7FC98E43B","2026-10-10T00:13:29.4706549+08:00"
"Assets/Scripts\UnityView\CombatFeedbackMapper.cs","2852","3C643AA52D7A737BD33E39F3F89AEB992B56B0DB7BD640C86A2FCEA434B5A21F","2026-10-10T00:13:29.4713699+08:00"
"Assets/Scripts\UnityView\CombatFeedbackMapper.cs.meta","59","33229EC33A6CDA0AB4BBDED114DEF352B0A92A9D5EFFE2EE3598497B912F8075","2026-10-10T00:13:29.4721010+08:00"
"Assets/Scripts\UnityView\CombatUnitView.cs","3596","BCC5D88C46C994887999D01BB2385D92A1FCBF7F2C36D21DF2F6FFD91C467DEA","2026-10-10T00:13:29.4727943+08:00"
"Assets/Scripts\UnityView\CombatUnitView.cs.meta","59","701A39A689645FEF917B6104F48F58684AFB09B5C203B0E48173702ADAD2F173","2026-10-10T00:13:29.4734967+08:00"
"Assets/Scripts\UnityView\GridView.cs","1194","17C009274F4246960E4D87CF24C8856840C1EA2227D264AE19E375C433A796EC","2026-10-10T00:13:29.4741792+08:00"
"Assets/Scripts\UnityView\GridView.cs.meta","59","0C1B53DA5F388EFC1C627645DDDFEF3952DA62EED58F22B3129E1EEE149D9B6E","2026-10-10T00:13:29.4748772+08:00"
"Assets/Scripts\UnityView\IBattleViewConsumer.cs","365","DB42015B52BFA62A411E3C1ED0C4958CB66587B43091D5913ABBA690103775AE","2026-10-10T00:13:29.4755605+08:00"
"Assets/Scripts\UnityView\IBattleViewConsumer.cs.meta","59","E3BD8DAE6EE7A59322E5E1A0A9B7C9B37CB36CFED5DA5C830D62D43CC621D356","2026-10-10T00:13:29.4762717+08:00"
"Assets/Scripts\UnityView\Input.meta","172","145DDE06A397224C016B4EBF8A730DF23625B0564AF301315B2AE48F6E024585","2026-10-10T00:13:29.4769406+08:00"
"Assets/Scripts\UnityView\Input\RuntimeViewLogicPort.cs","6519","513A108C2DEF3B856E5027A1725DD031BBFB033877CAB0B7A7A62DAC18219EE6","2026-10-10T00:13:29.4776256+08:00"
"Assets/Scripts\UnityView\Input\RuntimeViewLogicPort.cs.meta","59","1C4307D01CAC3A9E8A66671FB31A4678F1C8C81C04D483AA59F99CEB8C385320","2026-10-10T00:13:29.4783804+08:00"
"Assets/Scripts\UnityView\Input\ViewCommandFactory.cs","4082","0F9049F88A445934E5BEB1B74663082781A590820F3E8AB1A9FDBFEEE23CBCC0","2026-10-10T00:13:29.4790701+08:00"
"Assets/Scripts\UnityView\Input\ViewCommandFactory.cs.meta","59","67DAB7C648D47C6D08C2C84D4B1D57B9EC0480FC318AC5E371DFB354E45C6279","2026-10-10T00:13:29.4797753+08:00"
"Assets/Scripts\UnityView\Input\ViewInputController.cs","36761","BA4F4156D41C16E4051412B0594D5CC47706DAEC1469A45E66E1B01639F56803","2026-10-10T00:13:29.4805015+08:00"
"Assets/Scripts\UnityView\Input\ViewInputController.cs.meta","59","6F490984C78B16466E4075E2B775C07EBDF0AE62857A9688DAFF3C925A9CEF8F","2026-10-10T00:13:29.4812410+08:00"
"Assets/Scripts\UnityView\Input\ViewInputPorts.cs","8250","3632FEB9E6C177BCD1054DC53FECAC19306D2D14BA4C1196620E44ACBE0496A2","2026-10-10T00:13:29.4820377+08:00"
"Assets/Scripts\UnityView\Input\ViewInputPorts.cs.meta","59","8BE21B453EBDC13870DE8273817ECFBFB19AE0282FAAFD448D762B24B1148B6D","2026-10-10T00:13:29.4827200+08:00"
"Assets/Scripts\UnityView\Input\ViewInputTypes.cs","15827","8991E58451E05800CDE00A66BFAF964006AC99F83FE68FB582AE1B8FD311D5E0","2026-10-10T00:13:29.4834040+08:00"
"Assets/Scripts\UnityView\Input\ViewInputTypes.cs.meta","59","1AD3922C2BA89F6D472CD3577A88495A64472099E13FB44A7FCD5771C820D66E","2026-10-10T00:13:29.4840800+08:00"
"Assets/Scripts\UnityView\Input\ViewTickConverter.cs","4335","3B96FBD0ABA4C2E0975AB94348CA21B37CEA3B8D8B2609FD319ED3211DBFFE7E","2026-10-10T00:13:29.4846960+08:00"
"Assets/Scripts\UnityView\Input\ViewTickConverter.cs.meta","59","82674C9C8BEF4DD09EF220A3E8C3B793C10BBF1CE4195F0446EE4F44FB499463","2026-10-10T00:13:29.4853015+08:00"
"Assets/Scripts\UnityView\LegacyWriterRegistry.cs","6334","31AAC6911145685FD74E690A2C291305503966429AF7282121BA896CE9C512FA","2026-10-10T00:13:29.4858939+08:00"
"Assets/Scripts\UnityView\LegacyWriterRegistry.cs.meta","59","C7454A8EEDAF2AB442090CDB150A9FA1FFCA58F86735374157BD1627BB5DAFCD","2026-10-10T00:13:29.4865142+08:00"
"Assets/Scripts\UnityView\NewCutoverGate.cs","1701","D5169B2264264C92E3D5BAE43FDD689094C644D17FFD4226A40FC34FD1F18C7E","2026-10-10T00:13:29.4871338+08:00"
"Assets/Scripts\UnityView\NewCutoverGate.cs.meta","59","439EC73916096176E557C24FC1BB8BC8D56248C05D49722BFC3A3E3E06AE5F65","2026-10-10T00:13:29.4877368+08:00"
"Assets/Scripts\UnityView\ProjectHero.UnityView.asmdef","426","A47B7F252698BCD9D48CDBE00E1E2457792E48550DD646309E57D2C706C66C40","2026-10-10T00:13:29.4884512+08:00"
"Assets/Scripts\UnityView\ProjectHero.UnityView.asmdef.meta","166","E1182109D40E0BE6BD9E9FB0D0461E8BA0512AA31D98ADCF8D1D59034BB0F6CA","2026-10-10T00:13:29.4890961+08:00"
"Assets/Scripts\UnityView\Replay.meta","169","327CDC29D0D71A6EB48C027CA88C7A44C8058D859929C96957D51AB163ECFAEE","2026-10-10T00:54:44.1522785+08:00"
"Assets/Scripts\UnityView\Replay\DeveloperReplayControls.cs","1672","F83028A5EAEF88C5897E060A92EC7BBC0A425FE2C29A08E3D4695BCEA98D1396","2026-10-10T00:13:29.4903313+08:00"
"Assets/Scripts\UnityView\Replay\DeveloperReplayControls.cs.meta","59","830396B9D451BF62E4F0E834E2C70ABD2B9ABC907DB561A45336A335C8101C79","2026-10-10T00:13:29.4909364+08:00"
"Assets/Scripts\UnityView\RuntimeCallbackRegistry.cs","25332","06738D5CE4E3DE916D9BD84692CE2BBA356100E1D0416FD586CDA2EB79F3689C","2026-10-10T00:13:29.4915913+08:00"
"Assets/Scripts\UnityView\RuntimeCallbackRegistry.cs.meta","59","DE1B064A0AC42ACE7554DB5B9567842D76275EC357FD214FBB65CB2B319257AF","2026-10-10T00:13:29.4922666+08:00"
"Assets/Scripts\UnityView\RuntimeCallLedger.cs","19386","F0024B2EE1B0158A3C3A3AF4F44955FC9FE7261DA9D48D3C9AC95A99018D7335","2026-10-10T00:13:29.4929497+08:00"
"Assets/Scripts\UnityView\RuntimeCallLedger.cs.meta","59","3C21C12D8591FF7E27E724B65B42CD6FD0AC771EAA228772D150F920E75D00BD","2026-10-10T00:13:29.4935983+08:00"
"Assets/Scripts\UnityView\RuntimeContracts.cs","28642","9115578373B8F13DB468628CAA50BF531A2E85B833E311E201D67646F316A303","2026-10-10T00:13:29.4942736+08:00"
"Assets/Scripts\UnityView\RuntimeContracts.cs.meta","59","8A9D15E4DEED2306771A52B4574925995AF0BB30FD2A4C76C96E9FBD55B11986","2026-10-10T00:13:29.4949344+08:00"
"Assets/Scripts\UnityView\ShadowAuthorityProtocol.cs","6931","83D27E1DB19A204FBC9BF71C4223AA7144D696366E8AA84A39803DF6D054B8B3","2026-10-10T00:13:29.4955574+08:00"
"Assets/Scripts\UnityView\ShadowAuthorityProtocol.cs.meta","59","846F1992117371E4334D2BA852FEF869D0BAC760DD7D1E7D85BCFC4013FC1A9F","2026-10-10T00:13:29.4962325+08:00"
"Assets/Scripts\UnityView\ShadowBattleRunner.cs","32992","C54A195497DC74920DAB4859DC438B94C07E52AFA2E44D1251B81DE60936C834","2026-10-10T00:13:29.4969437+08:00"
"Assets/Scripts\UnityView\ShadowBattleRunner.cs.meta","59","9C687637B73526C50F6B487B07758BF4C4BFA0136467EA7A62CC88692738EFDD","2026-10-10T00:13:29.4975691+08:00"
"Assets/Scripts\UnityView\ShadowCasePolicy.cs","58914","12ACD44F77531174AC504A161FCFBEAD57EF5EB9249FACB1067BF7DEA11CFBC8","2026-10-10T00:13:29.4982470+08:00"
"Assets/Scripts\UnityView\ShadowCasePolicy.cs.meta","59","DA6B15A846440499C20BB4F982602EBACABC9D4E3F2C7D32864C84102F510F1E","2026-10-10T00:13:29.4988856+08:00"
"Assets/Scripts\UnityView\ShadowComparisonDetector.cs","142006","8B7A23FE5FC819CB3D1F03F2DE6ED67B7B52ACDE40109C26CC1C99EA6D121ED0","2026-10-10T00:13:29.4997006+08:00"
"Assets/Scripts\UnityView\ShadowComparisonDetector.cs.meta","59","51023554173DE45F75A06800151D762C56DAB6827E47B3EBBEE26D336A97F066","2026-10-10T00:13:29.5008031+08:00"
"Assets/Scripts\UnityView\ShadowComparisonReport.cs","31556","50B796CCDF069D37699F2622749628CF6E77C9450B955FAC4F897D73CCB2778F","2026-10-10T00:13:29.5028811+08:00"
"Assets/Scripts\UnityView\ShadowComparisonReport.cs.meta","59","EF1EE063DE49489182BC3877BE9A3CE719D07AC29EAF239FADD3140D107DF7CF","2026-10-10T00:13:29.5035937+08:00"
"Assets/Scripts\UnityView\ShadowPlayerRequestMirror.cs","10478","38CD310EC31EF456836755D08B7B41BBFF104DE1E6A4B3565963438B9FED34CE","2026-10-10T00:13:29.5042855+08:00"
"Assets/Scripts\UnityView\ShadowPlayerRequestMirror.cs.meta","59","B5E0618018B31F989C9E229B6C6CD93C5FFA537690FF942D0D5F296BA3CC889E","2026-10-10T00:13:29.5049660+08:00"
"Assets/Scripts\UnityView\UnityBattleDriver.cs","13108","CC7B685CBFD73ABDF59115F1856A4ABDEDB6C9D56471195A9FEEA5FD9B503C6E","2026-10-10T00:13:29.5056810+08:00"
"Assets/Scripts\UnityView\UnityBattleDriver.cs.meta","59","71BF93E0F1C1B1CE9DBA6AD65F0D6A4FC794C6F8AA2FD9475AA5A5F1C9CE0EAD","2026-10-10T00:13:29.5063575+08:00"
"Assets/Scripts\Visuals.meta","180","B6C7A7015852B658518D93B0D2495DF3C70DA287960776B0403F43104AA4EEDA","2026-10-10T00:13:29.5071452+08:00"
"Assets/Scripts\Visuals\GameFeelManager.cs","6764","0D313D453E727CB84BF21010B21401A4ACC66DA4B49685A158ABAF7FE6B59AA7","2026-10-10T00:13:29.5174150+08:00"
"Assets/Scripts\Visuals\GameFeelManager.cs.meta","336","1E0450429ABA72559999C662F9107B4772B67E5541008C68F543F0266DF81860","2026-10-10T00:13:29.5185883+08:00"
"Assets/Scripts\Visuals\GridCursor.cs","3465","F8F46944D87011E10517EBA47528606E2387099735E0F8F38FFB65124D75C506","2026-10-10T00:13:29.5295117+08:00"
"Assets/Scripts\Visuals\GridCursor.cs.meta","60","06540790FD82F37D2CB7E46F720E2CE5F4D6FD572AE4129D870BAE0B713918AD","2026-10-10T00:13:29.5305448+08:00"
"Assets/Scripts\Visuals\GridVisuals.cs","4569","46FF8C8B5837A2D56E36B299B4A6E27FFAE135B653FB21B24BB9986E0DB5E8CD","2026-10-10T00:13:29.5397275+08:00"
"Assets/Scripts\Visuals\GridVisuals.cs.meta","60","146E49931CD56299B3427E1771328D3C53FD954123C9A3C9ADEF532F9BFBB7BD","2026-10-10T00:13:29.5406263+08:00"
"Assets/Scripts\Visuals\NextActionPreview.meta","180","930436E329EDDF155512AA2C3556B12376B10C8BC5A939D73F6CD47632777F38","2026-10-10T00:13:29.5416689+08:00"
"Assets/Scripts\Visuals\NextActionPreview\NextActionPreviewBootstrap.cs","601","92888427D1BF16F0AC0F863A3BD8CCCCE528A74EA378D22BCB2CE8FBC01F2CED","2026-10-10T00:13:29.5508920+08:00"
"Assets/Scripts\Visuals\NextActionPreview\NextActionPreviewBootstrap.cs.meta","60","37B2F79D7E8C8357E2111566FD1268048B0639C6857F9BDA8406776A5AFCE89A","2026-10-10T00:13:29.5521686+08:00"
"Assets/Scripts\Visuals\NextActionPreview\NextActionPreviewInstaller.cs","1167","E24B535B38B107BACAB607B0E116F2CDFA8ACC0CEFE8F143EBABB6763753D68B","2026-10-10T00:13:29.5637132+08:00"
"Assets/Scripts\Visuals\NextActionPreview\NextActionPreviewInstaller.cs.meta","60","CC39DE90DB52AA8C8828247BA3881E5EC2FA7689E8D80E4BD7E33AA59C017645","2026-10-10T00:13:29.5646205+08:00"
"Assets/Scripts\Visuals\NextActionPreview\NextActionPreviewRenderer.cs","5456","77181A4952CEE8600E3F2F7DF0819DBE5AD718CF977331662C131C4993F72D39","2026-10-10T00:13:29.5759489+08:00"
"Assets/Scripts\Visuals\NextActionPreview\NextActionPreviewRenderer.cs.meta","60","150D6F8E3E89E16698827ED54322DDBEFB31E8E0FC6892838F017E474DF88ADB","2026-10-10T00:13:29.5769094+08:00"
"Assets/Scripts\Visuals\NextActionPreview\NextActionPreviewSystem.cs","14442","1710B26617F84F80BD753616F4BE655737D7CFA2E187A235A0EA9C6AEB094EA2","2026-10-10T00:13:29.5851517+08:00"
"Assets/Scripts\Visuals\NextActionPreview\NextActionPreviewSystem.cs.meta","60","783D53D154984DF7AE97F96AE70FC2F620CF7ED658EBF6826108BAF84383B3D7","2026-10-10T00:13:29.5866378+08:00"
"Assets/Scripts\Visuals\UnitBounce.cs","2866","775BF1BC3ACFC65B6FB4AAC537E5981EA7191521A10B6DCEC6CC4C53ED164ACC","2026-10-10T00:13:29.5944072+08:00"
"Assets/Scripts\Visuals\UnitBounce.cs.meta","60","15F3087AE6C91936163A1036081455F6AB1428BC48388A26023EA33A5AFA41F8","2026-10-10T00:13:29.5956161+08:00"
"Assets/Scripts\Visuals\UnitMovement.cs","4687","548046B4E8C55E2A2144052968DEB28B9E7126F9266EB1A79ED8E517F8ED2DF0","2026-10-10T00:13:29.5967055+08:00"
"Assets/Scripts\Visuals\UnitMovement.cs.meta","60","78EAC68A4E7E9FAE332246C70A371409C4ECD8C51442B0C6BC0D3EC006012842","2026-10-10T00:13:29.5977070+08:00"
"Assets/Scripts\Visuals\UnitVolumeRenderer.cs","3705","4EF7155A61E3F3F28102C7CBF9C2F99EDDCCD733598C1D48B02BDF804AAF524F","2026-10-10T00:13:29.6071254+08:00"
"Assets/Scripts\Visuals\UnitVolumeRenderer.cs.meta","60","84713704BE6DF3A79C260CC3AF069A959ED07D9D115B0E22F341C576073520E4","2026-10-10T00:13:29.6081066+08:00"
"Assets/Scripts\Visuals\UnitVolumeVisuals.cs","3467","F750A45C951AD8266A56777F6D41DA58C6D18C55D5EE57B49769E66EA58E76A9","2026-10-10T00:13:29.6186714+08:00"
"Assets/Scripts\Visuals\UnitVolumeVisuals.cs.meta","60","B0ECD0F0052CF01C074415936F9FEA3A626BF54A67483E788CB03DFF1A239DD4","2026-10-10T00:13:29.6196666+08:00"
"Assets/Tests\EditMode.meta","172","C171B29F789FBF24B1BCFB1CD1B2C066E53DB23451B6A1039ED326E7C70CB7C1","2026-10-10T00:13:29.6211337+08:00"
"Assets/Tests\EditMode\Authoring.meta","172","7024C3B6F92EC6AC28AD11EDA6AE26FB9EAB18F1C6D7A4A38A7040C1930CB8D5","2026-10-10T00:13:29.6225979+08:00"
"Assets/Tests\EditMode\Authoring\AssemblyBoundaryAuthoringTests.cs","15479","9A904514247840DE4F3B024121FE9A90C664B06DE73DD99D67C098FB733C250C","2026-10-10T00:13:29.6235736+08:00"
"Assets/Tests\EditMode\Authoring\AssemblyBoundaryAuthoringTests.cs.meta","60","3CF0D31F1817FFDA3B34F2D8D7BE1959AD78A029264861D8F6596FF4CBD8E800","2026-10-10T00:13:29.6244331+08:00"
"Assets/Tests\EditMode\Authoring\AuthoringInstanceRuleTests.cs","92810","B4463ED48622CE9EEECB304FA524F42BF498D5FF0564917D49087BD115F58DA9","2026-10-10T00:13:29.6255363+08:00"
"Assets/Tests\EditMode\Authoring\AuthoringInstanceRuleTests.cs.meta","60","CD10FD9D9339108C83E04E1A7EBF33A4E7C7112F8A2D929BD3BAB9D0E9C2FF29","2026-10-10T00:13:29.6268551+08:00"
"Assets/Tests\EditMode\Authoring\AuthoringMigrationTests.cs","50715","7FE1D285505DDB19D1C81B7AA9FCFF9EF28DA8D5042DEBE4922C08790DF0F4C5","2026-10-10T00:13:29.6278259+08:00"
"Assets/Tests\EditMode\Authoring\AuthoringMigrationTests.cs.meta","60","608196030B20801F27AEACF18A02AE5008C91F5F37F9818A92ACE892BEB1B6C3","2026-10-10T00:13:29.6285394+08:00"
"Assets/Tests\EditMode\Authoring\BattleDefinitionFixture.cs","3527","6D65A878636E2253979E4272991CA6AC043363F5018AE8C1569C0C23FD88FDB8","2026-10-10T00:13:29.6292581+08:00"
"Assets/Tests\EditMode\Authoring\BattleDefinitionFixture.cs.meta","60","93B5505A6CA1EE65EE48BB5D41CE08B39F9C61FF436BB54BA8BC5D85D9E4F2E3","2026-10-10T00:13:29.6300445+08:00"
"Assets/Tests\EditMode\Authoring\BattleInitializationTests.cs","16062","74C20436540B33BFC40A319794787CE4E21F4E32E5D13046FCE4B6770B35EB4F","2026-10-10T00:13:29.6309593+08:00"
"Assets/Tests\EditMode\Authoring\BattleInitializationTests.cs.meta","60","0C15F2D5CF4CE02F9AB1709082A2DC49C5852D06954641B7C64F01FA39CE779F","2026-10-10T00:13:29.6316929+08:00"
"Assets/Tests\EditMode\Authoring\LegacyAdapterTests.cs","12549","2549001E0D0B5E2EA9833B1814D435FEAC693244CA2DF40327841A6294C590C9","2026-10-10T00:13:29.6325738+08:00"
"Assets/Tests\EditMode\Authoring\LegacyAdapterTests.cs.meta","60","CE627A78F744272C11A44B9585CA06EACE53660D39344BF61B26C4A8B21B6B35","2026-10-10T00:13:29.6333310+08:00"
"Assets/Tests\EditMode\Authoring\LegacyGeometrySliceTests.cs","8143","F6E25867B23A393D437F451155C333B7B092E63269290DBC51C72E4886C18115","2026-10-10T00:13:29.6340619+08:00"
"Assets/Tests\EditMode\Authoring\LegacyGeometrySliceTests.cs.meta","60","AB95FC92A3C2259FAC952F3D7E8F6C37FE5DF559BA9F778E71AE3745DD579D9B","2026-10-10T00:13:29.6347750+08:00"
"Assets/Tests\EditMode\Authoring\ProjectHero.Authoring.Tests.asmdef","672","E3239D9AA6DBFAFBD2E0C44F871124551BC48FA453A98DBD680078AAC506E9BE","2026-10-10T00:13:29.6355109+08:00"
"Assets/Tests\EditMode\Authoring\ProjectHero.Authoring.Tests.asmdef.meta","166","D1CED4CF2F0AE5BCD32BCB881B7876A4FFEB08CCE3AD9CC8EB3BC3A1A423DB06","2026-10-10T00:13:29.6362088+08:00"
"Assets/Tests\EditMode\Authoring\RuntimeOwnershipSceneWiringTests.cs","19694","6FCCEACF19D1907B67F7EF46FAA3F7F185BF45B6F3BD2E5C8C3FDC1D1ED509B1","2026-10-10T00:13:29.6369389+08:00"
"Assets/Tests\EditMode\Authoring\RuntimeOwnershipSceneWiringTests.cs.meta","59","5B55F59BEFF273B27595BA41D902D646F6CCE0EE1087D0A6CAD4D1E69A8EDC6C","2026-10-10T00:13:29.6376463+08:00"
"Assets/Tests\EditMode\Authoring\Task03.meta","172","55C1797AF9431EC1B670ECC10CBC326CA3EDA07F5108275282513CF918B84213","2026-10-10T00:13:29.6383644+08:00"
"Assets/Tests\EditMode\Authoring\Task03\CommandIngressTests.cs","37418","1D92A393343A03ECFCC2255975E6C0A9C2B3D2BE3D8ADDFE63B5797E84CBE70F","2026-10-10T00:13:29.6391466+08:00"
"Assets/Tests\EditMode\Authoring\Task03\CommandIngressTests.cs.meta","59","DF7CF3A360E628C058D19D0EA6E918EF44A500A4F49E3A6E5D0AAEAF4179889A","2026-10-10T00:13:29.6398769+08:00"
"Assets/Tests\EditMode\Authoring\Task03\DeterministicKernelTests.cs","26431","5B4A7642E6C9577EA37D4FED68F85C652404F376D899623B700043E64955FAC1","2026-10-10T00:13:29.6407410+08:00"
"Assets/Tests\EditMode\Authoring\Task03\DeterministicKernelTests.cs.meta","59","F3DBAA0ADFCC120B20DA63CA043B391B15FF9318C2E8EB3652290B5A236847AF","2026-10-10T00:13:29.6414622+08:00"
"Assets/Tests\EditMode\Authoring\Task03\ReplayContractTests.cs","11471","2D0269039EC85CA4606D620521B1F789B04D779DAB3EFF95EF69AC2D11781A83","2026-10-10T00:13:29.6423537+08:00"
"Assets/Tests\EditMode\Authoring\Task03\ReplayContractTests.cs.meta","59","2D906220B1FE21C9FF3FFC75385F5CE37FEE831EF62FAE91746D9EDF737BC97D","2026-10-10T00:13:29.6430946+08:00"
"Assets/Tests\EditMode\Authoring\Task03\SimulationLifecycleTests.cs","26740","60D51C5D82DA830E9DEF6563B3F2284752AF7CCFB3EB6239F10F209D275E3038","2026-10-10T00:13:29.6439732+08:00"
"Assets/Tests\EditMode\Authoring\Task03\SimulationLifecycleTests.cs.meta","59","06F5865588F6E6F0F7835B27FDBB3F02DAE5821D990743B2BC5A064E03CA9994","2026-10-10T00:13:29.6446675+08:00"
"Assets/Tests\EditMode\Authoring\Task03\SnapshotAndHistoryTests.cs","25655","E3D739B2A02FFC6ACF397A3A5B047B18691DB9DB57143FC879B9461BB19D3A79","2026-10-10T00:13:29.6454297+08:00"
"Assets/Tests\EditMode\Authoring\Task03\SnapshotAndHistoryTests.cs.meta","59","CCB49D98DA517E42F621CEA1F335FBD2F63D67A75AF7D07BD457DEEDADDABA4E","2026-10-10T00:13:29.6461361+08:00"
"Assets/Tests\EditMode\Authoring\Task03\StepEvidenceTests.cs","8937","9B8E469481BFABA7F3A924167115D34364B99F6F27BC54181D5489FBB82038C2","2026-10-10T00:13:29.6470843+08:00"
"Assets/Tests\EditMode\Authoring\Task03\StepEvidenceTests.cs.meta","59","5CA531382ADF25ABADA3ED1E69BC4AF4DA18379915FAABB589B9CCC00292E58C","2026-10-10T00:13:29.6482511+08:00"
"Assets/Tests\EditMode\Authoring\Task03\StepPhaseOrderTests.cs","18848","9DA8281F237093448F252702FB0FAAB98BA7167BBAD105F73EB6FEBB34921A43","2026-10-10T00:13:29.6494511+08:00"
"Assets/Tests\EditMode\Authoring\Task03\StepPhaseOrderTests.cs.meta","59","F5088830F958A1CE36FD29BDBCC7BC37C52E4045081578EBA799B8684A4F1292","2026-10-10T00:13:29.6506530+08:00"
"Assets/Tests\EditMode\Authoring\Task03\Task03Fixture.cs","18790","1A4AE5915A96493F5D6948A347D643A51E23C5AD37ED2AA17A6293DC1CDAD37B","2026-10-10T00:13:29.6518431+08:00"
"Assets/Tests\EditMode\Authoring\Task03\Task03Fixture.cs.meta","59","D62BF000563A3D06E441BCE8DD96D72799F9638A65E02C73D679524AB69D5DA6","2026-10-10T00:13:29.6525960+08:00"
"Assets/Tests\EditMode\Authoring\Task04.meta","172","892C63C0C111C341EB6C4607391FF86AE40FB5EF5536CC07D01044ADCF222DD5","2026-10-10T00:13:29.6532989+08:00"
"Assets/Tests\EditMode\Authoring\Task04\Task04Fixture.cs","27782","E760AC444AF6C9B8D2B391CCBFCCAA1E94C692B9B163135A341F235B7FD1FE76","2026-10-10T00:13:29.6540668+08:00"
"Assets/Tests\EditMode\Authoring\Task04\Task04Fixture.cs.meta","59","06C0AEBE1F778488CB10E315FACF3713DE2CF04C0537F4C72D40AC93441912F7","2026-10-10T00:13:29.6548356+08:00"
"Assets/Tests\EditMode\Authoring\Task04\Task04LifecycleTests.cs","76593","B4841E3F0286194722CCF43E13B3FD152D595660A768D808172EF296F455693A","2026-10-10T00:13:29.6556263+08:00"
"Assets/Tests\EditMode\Authoring\Task04\Task04LifecycleTests.cs.meta","59","74CF2DCE26810D3088508821EC94369281477FB473997DF47C32A0E50E9ABDC3","2026-10-10T00:13:29.6563879+08:00"
"Assets/Tests\EditMode\Authoring\Task05.meta","172","DBAF899F434CE962A45AF871DA1E8A883C4DDBB049BC3B7CFA3DC1A4B1D776B8","2026-10-10T00:13:29.6575097+08:00"
"Assets/Tests\EditMode\Authoring\Task05\Task05ActionPlanAndLaneTests.cs","46631","ADB4C21254C02781DD02233FEEF9452CE801C228F4EA6899A94778AE5A5C38CD","2026-10-10T00:13:29.6584212+08:00"
"Assets/Tests\EditMode\Authoring\Task05\Task05ActionPlanAndLaneTests.cs.meta","59","492D53DA8260E415332CCD89EBD7BA68344A9BC3A5828D84E36D3DD7A77A4043","2026-10-10T00:13:29.6594364+08:00"
"Assets/Tests\EditMode\Authoring\Task05\Task05DodgeSeamTests.cs","29691","C06846A02EA52AAC326CE2D288CD1B67F4FA732D15A784F81E749431028ECF68","2026-10-10T00:13:29.6604215+08:00"
"Assets/Tests\EditMode\Authoring\Task05\Task05DodgeSeamTests.cs.meta","59","C424DA7E0B1DF8EAD3EE199D7B3BF01E4DD2E338BF275DE57F7F105739F59044","2026-10-10T00:13:29.6611548+08:00"
"Assets/Tests\EditMode\Authoring\Task05\Task05Fixture.cs","28099","74099FC8FCD3EDA65AEBBF6CCD2C978620EE4772A85F541BD1AB093E0F99E0F4","2026-10-10T00:13:29.6618958+08:00"
"Assets/Tests\EditMode\Authoring\Task05\Task05Fixture.cs.meta","59","6697514AEAB8D8DC51AE14F542B008E24E44B261A883BB280F3EED409573AE11","2026-10-10T00:13:29.6625700+08:00"
"Assets/Tests\EditMode\Authoring\Task05\Task05ReactionOpportunityIdAllocatorTests.cs","21358","699FFB627BF9FC66B8E8C6173C0B2A11D7AFE9CA85566043989FEAD649033A16","2026-10-10T00:13:29.6638925+08:00"
"Assets/Tests\EditMode\Authoring\Task05\Task05ReactionOpportunityIdAllocatorTests.cs.meta","59","DC1385646D87582DDEEF496A57B12675005C679B4760CB19E053EF93D6DF06F6","2026-10-10T00:13:29.6646105+08:00"
"Assets/Tests\EditMode\Authoring\Task05\Task05ReactionOpportunityTests.cs","38485","152793BCC126035B3080C81C4B28FBDE50FB2C1DE1EECE3B3BE501DEDD3B0A6E","2026-10-10T00:13:29.6653737+08:00"
"Assets/Tests\EditMode\Authoring\Task05\Task05ReactionOpportunityTests.cs.meta","59","FA9002AD42858E2274258ED16E99E9AB7BC97C70828503A852F619B15BC48425","2026-10-10T00:13:29.6660545+08:00"
"Assets/Tests\EditMode\Authoring\Task05\Task05ScheduleEditorTests.cs","49761","FB07C4006AFEBDA1608A24BE0AA0902B4C0D5387FCD1A1AA61B642A75378E6D7","2026-10-10T00:13:29.6669360+08:00"
"Assets/Tests\EditMode\Authoring\Task05\Task05ScheduleEditorTests.cs.meta","59","0D48393C035E5D40ECC8EFCC8A51A264B491BE5F2AAC1BE322B8E75E0BBF3904","2026-10-10T00:13:29.6676861+08:00"
"Assets/Tests\EditMode\Authoring\Task05\Task05SimulationWiringTests.cs","100100","DE562FAC3709BA7381969BC8DC5AA8EBADB3BAECA29B4FD3EBAEFE2F7D1C3941","2026-10-10T00:13:29.6684974+08:00"
"Assets/Tests\EditMode\Authoring\Task05\Task05SimulationWiringTests.cs.meta","59","2FEE15EEFD2ACD3C6D6094841FFC3122112A6A43ABB5E86C4E34F78768DAB1B4","2026-10-10T00:13:29.6692015+08:00"
"Assets/Tests\EditMode\Authoring\Task05\Task05StartGateAndTerminalTests.cs","40125","5514A7C2244E77482313E52E5E60E8EBD68A5AC16DE5DEBB9887DDB76C22C53F","2026-10-10T00:13:29.6699551+08:00"
"Assets/Tests\EditMode\Authoring\Task05\Task05StartGateAndTerminalTests.cs.meta","59","F8E7F1EED1BE62C4DD21ABEA9D0A567050B43FDD6D62B6F0D67A76DB1E0B0405","2026-10-10T00:13:29.6708519+08:00"
"Assets/Tests\EditMode\Authoring\Task06.meta","172","5C693096F2A579F6094060ECA7AFE541EA4B8308BC8BA058E3C85235A8A63272","2026-10-10T00:13:29.6716521+08:00"
"Assets/Tests\EditMode\Authoring\Task06\Task06CommitTerminalSemanticsTests.cs","43284","83705A4A8D7D4566357CC02B3F5719DCC5F9F2689C58395A14D88E6B2A55011C","2026-10-10T00:13:29.6724463+08:00"
"Assets/Tests\EditMode\Authoring\Task06\Task06CommitTerminalSemanticsTests.cs.meta","59","114A56E81BBF61DE1A183E43CBCAF570D01A289FB2DE5EDBB2EB54014F7D4100","2026-10-10T00:13:29.6731477+08:00"
"Assets/Tests\EditMode\Authoring\Task06\Task06ScheduleSpaceTests.cs","43017","44411C8BEE0F1BD50E1999EE16FAADFACE397A74A8781A40BBD3DA0B213813C0","2026-10-10T00:13:29.6745157+08:00"
"Assets/Tests\EditMode\Authoring\Task06\Task06ScheduleSpaceTests.cs.meta","59","CCEBE5566A90EB7E661E94B9795C7D4937A3665E0A40C62C78D1E8E64620385D","2026-10-10T00:13:29.6751680+08:00"
"Assets/Tests\EditMode\Authoring\Task10DriverTests.cs","10319","68305331719AD41CC39D3D5B94C0AA7FBA1089CFE10FED61EE59E0DE2B6EE5B0","2026-10-10T00:13:29.6758906+08:00"
"Assets/Tests\EditMode\Authoring\Task10DriverTests.cs.meta","59","803829FE51F4D6489033616C25B28C24332055F1BA2693BB9165C8822033049A","2026-10-10T00:13:29.6765739+08:00"
"Assets/Tests\EditMode\Authoring\Task10ProductionTests.cs","11725","32485D6811FED01C518B415F6EF4C56F15230ADDECB6C4BDD78FD1003F903F5A","2026-10-10T00:13:29.6780575+08:00"
"Assets/Tests\EditMode\Authoring\Task10ProductionTests.cs.meta","59","BA873BF845B88D7A8EAF29F5379C547DC974F2C3C196AF0034E238EDF58CB0D9","2026-10-10T00:13:29.6786831+08:00"
"Assets/Tests\EditMode\Compatibility.meta","172","A2B0E424832C542DC6CB5A8300C6B248E30B2CA129A1AAF81DF20900BF3E3900","2026-10-10T00:13:29.6793483+08:00"
"Assets/Tests\EditMode\Compatibility\Editor.meta","172","DE4022A172CD71A56BD08D1F427CDE82709C6075941C253DD8DC3C616A23886E","2026-10-10T00:13:29.6801230+08:00"
"Assets/Tests\EditMode\Compatibility\Editor\LegacyCombatUnitAdapterTests.cs","3582","C81FC7D0C4CDA3F6614F8B9D3B41682FE8FAA4BE2E5F3D435EA7232C4EEB8748","2026-10-10T00:13:29.6808849+08:00"
"Assets/Tests\EditMode\Compatibility\Editor\LegacyCombatUnitAdapterTests.cs.meta","60","1071BCBE635C335052C76DE63D6FBF048EA1CDC1E27FBCB051ADDFECEC3BA3A6","2026-10-10T00:13:29.6816681+08:00"
"Assets/Tests\EditMode\Logic.meta","172","180020CAF2D50BD42B4BC8B17CA47994F75152F0AA7EF43E0525C0777D66EAC8","2026-10-10T00:13:29.6825230+08:00"
"Assets/Tests\EditMode\Logic\ActionDefinitionTests.cs","16966","8F6617DB83B60F2DC9A5D69C0328DCD943D9B7BAD008701D057CDD5FBEE36BDB","2026-10-10T00:13:29.6832665+08:00"
"Assets/Tests\EditMode\Logic\ActionDefinitionTests.cs.meta","59","8111675B7EB4D321E1C5EB0FF1BC88DF9E7F1052BDF814C3249D6C0A3E86AC3B","2026-10-10T00:13:29.6839725+08:00"
"Assets/Tests\EditMode\Logic\AssemblyBoundaryTests.cs","4231","72F13B53B59AFB0DF7D7858AB97CA4A695F8FD8A33DED69BC14C02DF01C2AA2F","2026-10-10T00:13:29.6848468+08:00"
"Assets/Tests\EditMode\Logic\AssemblyBoundaryTests.cs.meta","59","31F193138D50E080186A308BE2ED7AAD0E99D7A2C8E7F8116A57BD149600B8FD","2026-10-10T00:13:29.6855671+08:00"
"Assets/Tests\EditMode\Logic\DefinitionIdTests.cs","6639","403051C5D147933ED598FCD20C616753F7B0BC99793F5F0F0B1DA5031376B189","2026-10-10T00:13:29.6864219+08:00"
"Assets/Tests\EditMode\Logic\DefinitionIdTests.cs.meta","59","52CF675F54350DD63120099BF4A1C0E97BCE704D09F23A799F7F18FAD6A2367F","2026-10-10T00:13:29.6871237+08:00"
"Assets/Tests\EditMode\Logic\EncounterAndFactionTests.cs","5429","C213B0AB211E0789B1E08EEC529A3FA29DBA4890BA0205B3A65EFCBE86273A51","2026-10-10T00:13:29.6878671+08:00"
"Assets/Tests\EditMode\Logic\EncounterAndFactionTests.cs.meta","59","13F7613FC6ACCE82F1A98E3D5BC198F8FE1639F238E2D3374696FF122FDB01B5","2026-10-10T00:13:29.6886172+08:00"
"Assets/Tests\EditMode\Logic\GridGeometryTests.cs","12620","E84D7EFCDFAF3C846D0C06D7DFC3DC5D3323985568A0F05C074A9633261BF9BB","2026-10-10T00:13:29.6895313+08:00"
"Assets/Tests\EditMode\Logic\GridGeometryTests.cs.meta","59","9E7892E0B5210E47699E62A49F8F5F607DBCB301CE275CC72237955FD2849FF4","2026-10-10T00:13:29.6905098+08:00"
"Assets/Tests\EditMode\Logic\HashParticipationTests.cs","10150","2F859F9967403F3A15B22472C66984CB3B211D7229FC118B4FFDDC2A6899D1F8","2026-10-10T00:13:29.6916285+08:00"
"Assets/Tests\EditMode\Logic\HashParticipationTests.cs.meta","59","925D9DBF5227FBB5F27A6C3A8AB3F726C1C57B71F39464177DD68E3C382067E7","2026-10-10T00:13:29.6923327+08:00"
"Assets/Tests\EditMode\Logic\PathRulesTests.cs","11105","D7BD2027EC7CBF8E7A398D68C084E1A9591C431DD73A56940DBCE2F0F98E86FD","2026-10-10T00:13:29.6932836+08:00"
"Assets/Tests\EditMode\Logic\PathRulesTests.cs.meta","59","E91506DDF59D24934CA5BF5CC9AB1B0CB2149F1C2C2DADDF75A0D3ED069074DB","2026-10-10T00:13:29.6939728+08:00"
"Assets/Tests\EditMode\Logic\ProjectHero.Logic.Tests.asmdef","570","54FEAA7129600B45D91C2F30CBE259990C5DF149B016B361B7D70C90F6A63318","2026-10-10T00:13:29.6950250+08:00"
"Assets/Tests\EditMode\Logic\ProjectHero.Logic.Tests.asmdef.meta","166","C74FE98C1EBE65B1C4B4A4E819799AEF408B9B8BBED78C8FEDD7EBB5B41C862B","2026-10-10T00:13:29.6957249+08:00"
"Assets/Tests\EditMode\Logic\ReactionAndAdrenalineTests.cs","9698","2AC883061C9149EEB514CB5481D67886BF3E07D17A1BB69522D5BFA7BE92E0D2","2026-10-10T00:13:29.6966584+08:00"
"Assets/Tests\EditMode\Logic\ReactionAndAdrenalineTests.cs.meta","59","8DE9E1BF02FFD22F56414CD7D49DDDB2B6968992B88F0B564D459B439B7F5C20","2026-10-10T00:13:29.6973485+08:00"
"Assets/Tests\EditMode\Logic\StatusEffectKernelTests.cs","21994","532E4A0568B63FE62B617E8AD4F93A3531A974C01777F3214F87F7B785C6DB83","2026-10-10T00:13:29.6980757+08:00"
"Assets/Tests\EditMode\Logic\StatusEffectKernelTests.cs.meta","59","522277663B472039DCFDD0E47241B43D9A7A12A9B1AD3733895C870281B83B47","2026-10-10T00:13:29.6988023+08:00"
"Assets/Tests\EditMode\Logic\Task0108LifecycleRegressionTests.cs","23439","CB82C57070AA94D3923395CF1DBBF4A7C1880619FC1070B01E42BB41E17C105F","2026-10-10T00:13:29.6994792+08:00"
"Assets/Tests\EditMode\Logic\Task0108LifecycleRegressionTests.cs.meta","62","CF3CF53892D206B6E2A7B47EE1143C7DA80DB21C71F28C76838AEA66668E0379","2026-10-10T00:13:29.7001501+08:00"
"Assets/Tests\EditMode\Logic\Task06AssemblyIntegrationTests.cs","45389","9E01389EA54BC45271233D28902925CFE359B1B3BF9AB129EB96CA23E37C0D24","2026-10-10T00:13:29.7011552+08:00"
"Assets/Tests\EditMode\Logic\Task06AssemblyIntegrationTests.cs.meta","59","49869044A8EB1E3181AF18607C0CE048C7090BBBD03811AAA2962137CC45DDE3","2026-10-10T00:13:29.7018473+08:00"
"Assets/Tests\EditMode\Logic\Task06DodgeRelocationTests.cs","37439","54A9B9CBA28F5E3FA4333AC9DB603CEBC6303BB88C2CAEDBC68277000BAEE155","2026-10-10T00:13:29.7027868+08:00"
"Assets/Tests\EditMode\Logic\Task06DodgeRelocationTests.cs.meta","59","3C861F21D5860E327593D13C9A58706BCED0859C746207A658F6E2D31DA56689","2026-10-10T00:13:29.7035343+08:00"
"Assets/Tests\EditMode\Logic\Task06LogicGridTests.cs","52514","3DEBE79330437D4287608CA1E8ED4771F31154CA745921D9B2CEEAFED529E566","2026-10-10T00:13:29.7044709+08:00"
"Assets/Tests\EditMode\Logic\Task06LogicGridTests.cs.meta","59","FCD68E3EE647565FA0D85A0DCBD01A82498705A8C1C309E7959F7951AC7DE557","2026-10-10T00:13:29.7051874+08:00"
"Assets/Tests\EditMode\Logic\Task06PathfinderTests.cs","32821","5C0203226616EA61F6901E681BDE6E89A1A5DF408B7D36C3B2A335791D5C9A65","2026-10-10T00:13:29.7059749+08:00"
"Assets/Tests\EditMode\Logic\Task06PathfinderTests.cs.meta","59","8C5C6097CBA92F007B54817B8EA78A005B823B0D7DA8EB7B0A60396108951792","2026-10-10T00:13:29.7066279+08:00"
"Assets/Tests\EditMode\Logic\Task07BudgetTransactionTests.cs","100367","B18240A39F8316BF161D5BAE9666917496B8FFB1AE34FE8B87D4466202F43779","2026-10-10T00:13:29.7074020+08:00"
"Assets/Tests\EditMode\Logic\Task07BudgetTransactionTests.cs.meta","59","CC9FCB309C681ED506424CCE876A999975F08DA0D28BDE1A977978C655652928","2026-10-10T00:13:29.7082022+08:00"
"Assets/Tests\EditMode\Logic\Task07ForcedDisplacementBudgetTests.cs","74231","78F89EB27FC732D7AB225DBF9659520F1A670DD0744CD1D9CB53D58D8B5AF01D","2026-10-10T00:13:29.7090268+08:00"
"Assets/Tests\EditMode\Logic\Task07ForcedDisplacementBudgetTests.cs.meta","59","A14FDB6102591CBED78FEABDB281038543C7738E5166452923C630BC7AA57CB2","2026-10-10T00:13:29.7098266+08:00"
"Assets/Tests\EditMode\Logic\Task07QueueAndReactionLaneTests.cs","65466","BE92823CA15B6269322697E3A531DCD73A6039E46877948F1CC74FF0053E11C5","2026-10-10T00:13:29.7106237+08:00"
"Assets/Tests\EditMode\Logic\Task07QueueAndReactionLaneTests.cs.meta","59","DBAF7EA32843523DD478911D26F426A0F6B962FC11762F586D233684A641F086","2026-10-10T00:13:29.7113346+08:00"
"Assets/Tests\EditMode\Logic\Task07RemovalAndDiscardTests.cs","65288","226C5C8FED433BB9773D1FD7241DC087C246FFFD9FB51B43B717BB4F3AC96481","2026-10-10T00:13:29.7121630+08:00"
"Assets/Tests\EditMode\Logic\Task07RemovalAndDiscardTests.cs.meta","60","C7A26E8ED55B5C2C2DD520FDD45F1A7CCEA9DDADE4D28FB33EAEDEF252E0350F","2026-10-10T00:13:29.7128904+08:00"
"Assets/Tests\EditMode\Logic\Task07TurnWindowAndBudgetTests.cs","46363","E055BC8333700435ADD54F562A158F384345E471D05A5BD42ED56BEA011A9959","2026-10-10T00:13:29.7136162+08:00"
"Assets/Tests\EditMode\Logic\Task07TurnWindowAndBudgetTests.cs.meta","59","8BBE0D3F58DC3B4046B5B1B252D978051213D2B7664AE94F0AFBFB9B8A7A8085","2026-10-10T00:13:29.7142829+08:00"
"Assets/Tests\EditMode\Logic\Task08AoeTargetPolicyIntegrationTests.cs","77942","D1796B1EEA52D3B849F59D8B95E422E28926C0B27DE2BC8E64DC1E23B336C7A7","2026-10-10T00:13:29.7152623+08:00"
"Assets/Tests\EditMode\Logic\Task08AoeTargetPolicyIntegrationTests.cs.meta","59","00CBD746E02E6C4F9546FB2222D52AEDFBAF933A770DB17C5FD16A1792B89CF5","2026-10-10T00:13:29.7159786+08:00"
"Assets/Tests\EditMode\Logic\Task08CommitCoverageTests.cs","14549","AF070C566DEB30AE493CEC69BAFDE7124FB7F1827AFFB2F0CDFF6B6770BF940C","2026-10-10T00:13:29.7166880+08:00"
"Assets/Tests\EditMode\Logic\Task08CommitCoverageTests.cs.meta","59","2C24040243E17E0AB18CB1F2EB98C152D3E144AFE6CECC5FF21A739CB35A5EA3","2026-10-10T00:13:29.7174027+08:00"
"Assets/Tests\EditMode\Logic\Task08ConflictGraphTests.cs","63936","B16C41B443782CEC04589820D0B430932037FCED15BDE7A12924E9C994F1992C","2026-10-10T00:13:29.7181319+08:00"
"Assets/Tests\EditMode\Logic\Task08ConflictGraphTests.cs.meta","61","EB322DC24265B3CC9C09F7D19530CB2CCE9F5199D6836F1D860F400785CD0C44","2026-10-10T00:13:29.7188214+08:00"
"Assets/Tests\EditMode\Logic\Task08DeathFootprintRemovalTests.cs","23331","A2C2ABC69CB75970828F635FFC34BD3C748F9976424138E93E0EFDA1854983A2","2026-10-10T00:13:29.7195959+08:00"
"Assets/Tests\EditMode\Logic\Task08DeathFootprintRemovalTests.cs.meta","59","A9075FA20ABA09D7C963755D89D20B00B5ACC92260655588CDEA2E839A6B2FE6","2026-10-10T00:13:29.7203848+08:00"
"Assets/Tests\EditMode\Logic\Task08DefenseCoverageTests.cs","15095","B5A4AE5C63FD7BA480C7B38BA39A8E5F977146F9477412BF2867BA54F4ECBE1A","2026-10-10T00:13:29.7210997+08:00"
"Assets/Tests\EditMode\Logic\Task08DefenseCoverageTests.cs.meta","59","7AFA3014E16A19AC6C9C36A8B23AEB4D57181AB9AA4FD02C9794D39A4DB96D65","2026-10-10T00:13:29.7217686+08:00"
"Assets/Tests\EditMode\Logic\Task08EventAndAccrualIntegrationTests.cs","55643","7877C3C0E9A3F60F34000978B124467E239A642C4D12478B4815F730EDFE3273","2026-10-10T00:13:29.7226979+08:00"
"Assets/Tests\EditMode\Logic\Task08EventAndAccrualIntegrationTests.cs.meta","60","2258FC33FBD04BE839775F7D703CAC14938BFBC48C4DB8AD46711E2CB718A915","2026-10-10T00:13:29.7234682+08:00"
"Assets/Tests\EditMode\Logic\Task08ForcedDisplacementBatchTests.cs","34642","E8D0E270B8FE707E9468F80E02F724DFC9510279693D1BDBFFA10149AE0907EB","2026-10-10T00:13:29.7241954+08:00"
"Assets/Tests\EditMode\Logic\Task08ForcedDisplacementBatchTests.cs.meta","59","18E6D8650902F40198278179A11B8E183C2E0161361BC12D083B95294BABDD97","2026-10-10T00:13:29.7248945+08:00"
"Assets/Tests\EditMode\Logic\Task08ForcedDisplacementSolverTests.cs","38526","3AFF60D04C9F8C76E6F0DC7B5E5DE4E4288E7F8571DD5C1E31A119E2DF3E41C2","2026-10-10T00:13:29.7260047+08:00"
"Assets/Tests\EditMode\Logic\Task08ForcedDisplacementSolverTests.cs.meta","59","C7F6715B5D257971EE82FE3C465DFD284E111005A42E60F90CAD22399D3BB382","2026-10-10T00:13:29.7267576+08:00"
"Assets/Tests\EditMode\Logic\Task08IntentAndConflictGraphIntegrationTests.cs","43903","54B3CCAA41D4DD3566293A1EB3B3733DA273D4207BDA498D4265E34F15D6C2DC","2026-10-10T00:13:29.7277633+08:00"
"Assets/Tests\EditMode\Logic\Task08IntentAndConflictGraphIntegrationTests.cs.meta","59","90CD5600B010B1B9C7BB5CD0E0A946CCD7FCC95C6228566CC381569955021B8F","2026-10-10T00:13:29.7285328+08:00"
"Assets/Tests\EditMode\Logic\Task08MomentumAggregationTests.cs","29590","1875CE9F25806853B93067127E0696B054E12D45F7ABDCEECE3F622C8FE572AF","2026-10-10T00:13:29.7292820+08:00"
"Assets/Tests\EditMode\Logic\Task08MomentumAggregationTests.cs.meta","59","8FC371E52E7A7B70398389FECF2B2448EA8B36AFED9CA80B826F94552A59A7B2","2026-10-10T00:13:29.7300020+08:00"
"Assets/Tests\EditMode\Logic\Task08MomentumClashTests.cs","26199","C63BA886D12B2EF0EB8D09DFC96474B2B8A7EAB805101B1A3170AA0C098B3013","2026-10-10T00:13:29.7308000+08:00"
"Assets/Tests\EditMode\Logic\Task08MomentumClashTests.cs.meta","59","9FAE319669BD115E9A0F17D168CEC6B2E645BBC53BFCEFFAC28E95488E42BB69","2026-10-10T00:13:29.7315604+08:00"
"Assets/Tests\EditMode\Logic\Task08MomentumTests.cs","43150","D54CF581727595C6184B05E1853EC54069A5CF710F814F11E55B2F474CF2C570","2026-10-10T00:13:29.7325422+08:00"
"Assets/Tests\EditMode\Logic\Task08MomentumTests.cs.meta","59","50343807BC3B077DD89F13950C8F3ECB7AD071C53C05C24443CDC32B524B7219","2026-10-10T00:13:29.7337913+08:00"
"Assets/Tests\EditMode\Logic\Task08MultiPartyCoverageTests.cs","11614","2E69E324B414B2ECDD315AEDE9726EF6A6009CB901191FBB33C55DB2921F9056","2026-10-10T00:13:29.7350199+08:00"
"Assets/Tests\EditMode\Logic\Task08MultiPartyCoverageTests.cs.meta","59","B57B1B64263032D9BA9771AB9CCE20A9B42A3CC33246607EE19F943026D369F2","2026-10-10T00:13:29.7356985+08:00"
"Assets/Tests\EditMode\Logic\Task08OpeningAdrenalineContractTests.cs","21050","FB15E6C19346A58FED72ED5AB2BFD25392634A920E37702699F8591FA95327B3","2026-10-10T00:13:29.7365321+08:00"
"Assets/Tests\EditMode\Logic\Task08OpeningAdrenalineContractTests.cs.meta","60","9AFCB21E5FC0B6786D07F173F84B730094738D2AC5F347F68FE6E359E1825D5E","2026-10-10T00:13:29.7372844+08:00"
"Assets/Tests\EditMode\Logic\Task08RemainingCoverageTests.cs","21789","F6414DB7727C2A0C480EE773349CB937A64DAE88501C16BF910964D8DF5D079E","2026-10-10T00:13:29.7382531+08:00"
"Assets/Tests\EditMode\Logic\Task08RemainingCoverageTests.cs.meta","59","556B6C9EA83496456009C5B384504E75E070610FB07AC95A7F3382DE6058B138","2026-10-10T00:13:29.7390552+08:00"
"Assets/Tests\EditMode\Logic\Task08SnapshotContractTests.cs","41687","F4957FA6A22F839E2CA32DF7096BD98761166939B29C6733F27C93ED1CDBD478","2026-10-10T00:13:29.7399412+08:00"
"Assets/Tests\EditMode\Logic\Task08SnapshotContractTests.cs.meta","60","95B362212FF831E38B5BF9D42DAF9364F428AC6C27360EB643426621AD2A2767","2026-10-10T00:13:29.7408940+08:00"
"Assets/Tests\EditMode\Logic\Task08StagedResolutionIntegrationTests.cs","50198","A345113A6531D0770E788515F6CEF0A8BAB254284B6B1ECAA77D27F86C552803","2026-10-10T00:13:29.7420574+08:00"
"Assets/Tests\EditMode\Logic\Task08StagedResolutionIntegrationTests.cs.meta","59","FC5C9DD8FC36871A1143D3E9F81E508EEE5DD98A09FA79570CA938B4EE7E7908","2026-10-10T00:13:29.7433021+08:00"
"Assets/Tests\EditMode\Logic\Task09A2Fixture.cs","33728","325664B35A2CF5D54F0A9B271EC33410E01FF9104A6E636FFAFB7A9F343C902B","2026-10-10T00:13:29.7443340+08:00"
"Assets/Tests\EditMode\Logic\Task09A2Fixture.cs.meta","60","F8AC8571E1B62798F0F4F07419143DE2D1BEE66C88082B6197B165B6A295BB76","2026-10-10T00:13:29.7450421+08:00"
"Assets/Tests\EditMode\Logic\Task09AiDecisionTests.cs","66720","D01F8AF28D0D9811CA0A6EA3777AF109B3501F57111C9759853E0963334557FE","2026-10-10T00:13:29.7462299+08:00"
"Assets/Tests\EditMode\Logic\Task09AiDecisionTests.cs.meta","60","DD39CB2E35E884527E401044CD85C969D760839C271E872497D0C895D2AC3CD7","2026-10-10T00:13:29.7475433+08:00"
"Assets/Tests\EditMode\Logic\Task09AiSnapshotTests.cs","27345","DF43B8B74BCF93B2051723D65907B8FED13719E9FADE2B5640AEFACB9F5527D3","2026-10-10T00:13:29.7485116+08:00"
"Assets/Tests\EditMode\Logic\Task09AiSnapshotTests.cs.meta","60","51BFBBB4B100855B7EA8179F921A513E14B85E18D0BF68BA917307C5F1A49D81","2026-10-10T00:13:29.7492878+08:00"
"Assets/Tests\EditMode\Logic\Task09CommandIngressTests.cs","45796","324B907FE0B79BECF37C272808D9090FBE8307A3710C8B121558B5D7141AC869","2026-10-10T00:13:29.7501165+08:00"
"Assets/Tests\EditMode\Logic\Task09CommandIngressTests.cs.meta","60","D3C7FFBF6A35330625EAF69577DA3E41EDAB662E7CDF5A97089FDD4B6D874B5C","2026-10-10T00:13:29.7509561+08:00"
"Assets/Tests\EditMode\Logic\Task09CommandSurfaceTests.cs","16182","C2931AFD98871023DDE8E33031277A5E63F1E8269C77EDD7B81FDFFFA6BB2FA9","2026-10-10T00:13:29.7517686+08:00"
"Assets/Tests\EditMode\Logic\Task09CommandSurfaceTests.cs.meta","60","15DEAA6CD40349692D3D26E3FE7A5A175107B48D2337C13C5996EBD0931764DA","2026-10-10T00:13:29.7524959+08:00"
"Assets/Tests\EditMode\Logic\Task09ProcessorAndAuthorityTests.cs","43613","167E14D8201720F0E47C8C59213E3FD34F7B440502E0B7E9ABC9771E7A715812","2026-10-10T00:13:29.7533029+08:00"
"Assets/Tests\EditMode\Logic\Task09ProcessorAndAuthorityTests.cs.meta","60","4FC41E488ABC8722EE538F1B4A1B7E987ABED80BFD2CFF8E7B25EC823AD31B12","2026-10-10T00:13:29.7541114+08:00"
"Assets/Tests\EditMode\Logic\Task09ReactionCommandTests.cs","37778","F4F98543318C5600418E77DA9201D2EE197A390150D9ACE986B43B67E547B765","2026-10-10T00:13:29.7552503+08:00"
"Assets/Tests\EditMode\Logic\Task09ReactionCommandTests.cs.meta","60","F1E27D3CD19A7B35BFFBBAB7964BED303323514C4B5A3D279F080CFCA3E4B9B5","2026-10-10T00:13:29.7565196+08:00"
"Assets/Tests\EditMode\Logic\Task09RemovalSemanticsTests.cs","18093","26C9DB0620DFE9476436BD3B471CDE702A58FE4844052344C6D8ECA2AE718DF9","2026-10-10T00:13:29.7574634+08:00"
"Assets/Tests\EditMode\Logic\Task09RemovalSemanticsTests.cs.meta","60","E9BDC55225A8D215CCEDE9BDB0A99A098E4B4BAD4402F922C88B16EF974E902A","2026-10-10T00:13:29.7638633+08:00"
"Assets/Tests\EditMode\Logic\Task09ReplayInputTests.cs","40618","AAADE6194AB73ACEB5B22DBA18295CD9B613FD69BE868CAD19B609F8E70AA0C1","2026-10-10T00:13:29.7647666+08:00"
"Assets/Tests\EditMode\Logic\Task09ReplayInputTests.cs.meta","59","7D5C394BD75EAC25B395FED7610136A6C8F917EC717D75C3A1A1292045397CB2","2026-10-10T00:13:29.7655662+08:00"
"Assets/Tests\EditMode\Logic\Task09ScheduleCommandTests.cs","22672","7B91E1CEDA8F99339BA9A00756190F4FB09AD32C7B10FF3BCDCA5DACFA7329BA","2026-10-10T00:13:29.7667443+08:00"
"Assets/Tests\EditMode\Logic\Task09ScheduleCommandTests.cs.meta","60","5C776149659941A1F9D4FD224C89723104DA81D5832D383F42B11A9725287CA2","2026-10-10T00:13:29.7675123+08:00"
"Assets/Tests\EditMode\Logic\Task09ScheduleSemanticsTests.cs","59301","771B3D407A7D0E86CFEDA42593A039432CC2B524FAF674F996B25C97F0C21E1D","2026-10-10T00:13:29.7683102+08:00"
"Assets/Tests\EditMode\Logic\Task09ScheduleSemanticsTests.cs.meta","59","A29363AA18D493AA46D5D29E08E4329787FBDDB7D5AFCD3B9FC71F4D81EB8DC7","2026-10-10T00:13:29.7690513+08:00"
"Assets/Tests\EditMode\Logic\Task11ReplayTests.cs","12476","F336E38F58853C8F6F798282294FDB648B13235663348F82E0DEF1F345B9E72F","2026-10-10T00:13:29.7698242+08:00"
"Assets/Tests\EditMode\Logic\Task11ReplayTests.cs.meta","59","B8A6CB5BBE4ED41A86353D90C8E37F3733F77378CB6A9821EA0E5D6B8F11EE96","2026-10-10T00:13:29.7711847+08:00"
"Assets/Tests\EditMode\Logic\UnitStateMachineTests.cs","28685","081E1CF8FA7B27ED3A6339797AC6882250DCEBB08DBAA218526A9AEA75874942","2026-10-10T00:13:29.7726349+08:00"
"Assets/Tests\EditMode\Logic\UnitStateMachineTests.cs.meta","59","2BEDA6B8B3474A760550D6323485CF4AC35566DB997034D6A9F3ECE791D02869","2026-10-10T00:13:29.7740217+08:00"
"Assets/Tests\EditMode\UnityView.meta","172","CE6B707246990B963976B6164835E84BF2AE203242A122FE120F122D3CD63FA1","2026-10-10T00:13:29.7753370+08:00"
"Assets/Tests\EditMode\UnityView\Editor.meta","172","333EE9E2891E371DE3988DD12B4E2F053B3E541BED3259A27511283C5C144881","2026-10-10T00:13:29.7763049+08:00"
"Assets/Tests\EditMode\UnityView\Editor\Task09ViewInputFixture.cs","31574","CF8A8EBC74805174A67935BB41BB56C7AA5C3B1C445A1A1F5FBE57E7DCF50463","2026-10-10T00:13:29.7771430+08:00"
"Assets/Tests\EditMode\UnityView\Editor\Task09ViewInputFixture.cs.meta","60","D505EF2F1171AF9FA92ED1E71DADF26A920F76ED931CE13C41B057FD426F0C02","2026-10-10T00:13:29.7779752+08:00"
"Assets/Tests\EditMode\UnityView\Editor\Task09ViewInputTests.cs","35500","7EA2EC92499E658351C6F7B4A73AE7D2AFE843A6AD3785A882185C40227279C9","2026-10-10T00:13:29.7787682+08:00"
"Assets/Tests\EditMode\UnityView\Editor\Task09ViewInputTests.cs.meta","60","E3120371226545F27FC491B54462471C32A8FC96DCD721BB5CE497586C724BF0","2026-10-10T00:13:29.7795094+08:00"
"Assets/Tests\EditMode\UnityView\Editor\Task09ViewTimelineBlockTests.cs","19046","D8F3C33908A7DA21BE2BBB7B544ACBA23353E8BD30021EE4C35F23BFF4B2B922","2026-10-10T00:13:29.7802491+08:00"
"Assets/Tests\EditMode\UnityView\Editor\Task09ViewTimelineBlockTests.cs.meta","59","D915824C9547BB8B725E93B300F287B902C6C422E498D7F33B389873FB5FCB3B","2026-10-10T00:13:29.7810335+08:00"
"Assets/Tests\PlayMode.meta","172","6A9FD6875F2787B501F31D9038E796B91F94903A75A7EF45919ED328C79CB748","2026-10-10T00:13:29.7818415+08:00"
"Assets/Tests\PlayMode\ProjectHero.Compatibility.Runtime.Tests.asmdef","600","765DB381813BEE372D8498E99635A8490F10DE4C1BCDD68C4E95E634AF2813E9","2026-10-10T00:13:29.7826909+08:00"
"Assets/Tests\PlayMode\ProjectHero.Compatibility.Runtime.Tests.asmdef.meta","166","6AEBA89C599AACDC25C12498E61B221E1E034DAA678B6A73DF987D6061235E25","2026-10-10T00:13:29.7834665+08:00"
"Assets/Tests\PlayMode\RuntimeOwnershipTestBase.cs","25609","1DD2A0268DE17658BACAF5B1E03DBD1AE33806919233825E1B0160C21851031F","2026-10-10T00:13:29.7842439+08:00"
"Assets/Tests\PlayMode\RuntimeOwnershipTestBase.cs.meta","59","9896A90CEC49DAEE20064EA2CB30A7A9E1231696025D27ADC5795121469AC8F6","2026-10-10T00:13:29.7850364+08:00"
"Assets/Tests\PlayMode\RuntimeOwnershipTests.cs","428851","2F98A7334D2E7BCFF6360ECBD3E4FC6CB5BE4F06C89799DBE7000BD9156A15A9","2026-10-10T00:13:29.7864965+08:00"
"Assets/Tests\PlayMode\RuntimeOwnershipTests.cs.meta","59","9747617CA6281EE66A9A6D7E7912AE818A252844996D2041A08B708574EED5C6","2026-10-10T00:13:29.7872501+08:00"
"Assets/Tests\PlayMode\Task08SceneCoverageTests.cs","15169","C316B3614CD3AED6805D132AB8619C61E28CD4F84C3C13EA220D50BAB85F271B","2026-10-10T00:13:29.7880566+08:00"
"Assets/Tests\PlayMode\Task08SceneCoverageTests.cs.meta","59","0A7254F0A33F0AE9CD42A00B51ABBB26065C56C054AFD6B0C267CA64A1BAAE2E","2026-10-10T00:13:29.7889531+08:00"
"Assets/Tests\PlayMode\Task09ShadowMirrorTests.cs","43587","4653235885B727381A1A182B6F763309C70DC50EB92B78B6FA09C187CBE5F3AE","2026-10-10T00:13:29.7898629+08:00"
"Assets/Tests\PlayMode\Task09ShadowMirrorTests.cs.meta","59","32F8CEB8B0C6C70A41E14B7974F0498CC406128CFB3395F3AB27948B8784455F","2026-10-10T00:13:29.7907669+08:00"
"Assets/Tests\PlayMode\Task09ShadowProfileTests.cs","148024","36837AE75930711DAA683BB049242A9D8CBBD38E673E415CAA6E3DAF76CC1EF0","2026-10-10T00:13:29.7916777+08:00"
"Assets/Tests\PlayMode\Task09ShadowProfileTests.cs.meta","59","F35328D268A5ABCA6E6487907F0E1A13AB7FE4F29158768D7FE8AEA246CAC879","2026-10-10T00:13:29.7923978+08:00"
"Assets/Tests\PlayMode\Task10MigrationTests.cs","2355","773AB01DD2CB11A13B78D033493EF46A00E4724190AB874D9CF8AB269F6E3ABB","2026-10-10T00:13:29.7932364+08:00"
"Assets/Tests\PlayMode\Task10MigrationTests.cs.meta","59","A473277FC83275D0F13F09EAD5543671E4AB79CA6C6446E61EECD0B40AA78DC1","2026-10-10T00:13:29.7939830+08:00"
"ProjectSettings/ProjectVersion.txt","83","783F2DE974F75156071DEC6BB0C52E1004FD919A5078F7F84C75A936D3D787C0","2026-10-10T00:13:29.7946660+08:00"
"ProjectSettings/TimeManager.asset","211","6C320EE59AE1E55AA74558F012437F63CB9DE59D69FDA62FC321C4F1971C52CB","2026-10-10T00:13:29.8028761+08:00"
